qc_id,target_table,target_record_id,check_name,quality_dimension,check_type,check_result,severity,message,checked_by,checked_at,issue_owner,correction_action,corrected_at,corrected_by,resolution_status
ZW-QC-2026-001,heritage_knowledge,ZW-TK-2026-001,schema_insert,validity,schema,pass,info,Record satisfies every constraint in the DDL.,automated,2026-07-29T00:28:27+02:00,,,,,resolved
ZW-QC-2026-002,heritage_knowledge,ZW-TK-2026-002,schema_insert,validity,schema,pass,info,Record satisfies every constraint in the DDL.,automated,2026-07-29T00:28:27+02:00,,,,,resolved
ZW-QC-2026-003,heritage_knowledge,ZW-TK-2026-003,schema_insert,validity,schema,pass,info,Record satisfies every constraint in the DDL.,automated,2026-07-29T00:28:27+02:00,,,,,resolved
ZW-QC-2026-004,heritage_knowledge,ZW-TK-2026-004,schema_insert,validity,schema,pass,info,Record satisfies every constraint in the DDL.,automated,2026-07-29T00:28:27+02:00,,,,,resolved
ZW-QC-2026-005,heritage_knowledge,ZW-TK-2026-005,schema_insert,validity,schema,pass,info,Record satisfies every constraint in the DDL.,automated,2026-07-29T00:28:27+02:00,,,,,resolved
ZW-QC-2026-006,heritage_knowledge,ZW-TK-2026-006,schema_insert,validity,schema,pass,info,Record satisfies every constraint in the DDL.,automated,2026-07-29T00:28:27+02:00,,,,,resolved
ZW-QC-2026-007,heritage_knowledge,ZW-TK-2026-007,schema_insert,validity,schema,pass,info,Record satisfies every constraint in the DDL.,automated,2026-07-29T00:28:27+02:00,,,,,resolved
ZW-QC-2026-008,heritage_knowledge,ZW-TK-2026-008,schema_insert,validity,schema,pass,info,Record satisfies every constraint in the DDL.,automated,2026-07-29T00:28:27+02:00,,,,,resolved
ZW-QC-2026-009,heritage_knowledge,ZW-TK-2026-009,schema_insert,validity,schema,pass,info,Record satisfies every constraint in the DDL.,automated,2026-07-29T00:28:27+02:00,,,,,resolved
ZW-QC-2026-010,heritage_knowledge,ZW-TK-2026-010,schema_insert,validity,schema,pass,info,Record satisfies every constraint in the DDL.,automated,2026-07-29T00:28:27+02:00,,,,,resolved
ZW-QC-2026-011,heritage_knowledge,ZW-TK-2026-011,schema_insert,validity,schema,pass,info,Record satisfies every constraint in the DDL.,automated,2026-07-29T00:28:27+02:00,,,,,resolved
ZW-QC-2026-012,heritage_knowledge,ZW-TK-2026-012,schema_insert,validity,schema,pass,info,Record satisfies every constraint in the DDL.,automated,2026-07-29T00:28:27+02:00,,,,,resolved
ZW-QC-2026-013,heritage_knowledge,ZW-TK-2026-013,schema_insert,validity,schema,pass,info,Record satisfies every constraint in the DDL.,automated,2026-07-29T00:28:27+02:00,,,,,resolved
ZW-QC-2026-014,heritage_knowledge,ZW-TK-2026-014,schema_insert,validity,schema,pass,info,Record satisfies every constraint in the DDL.,automated,2026-07-29T00:28:27+02:00,,,,,resolved
ZW-QC-2026-015,heritage_knowledge,ZW-TK-2026-015,schema_insert,validity,schema,pass,info,Record satisfies every constraint in the DDL.,automated,2026-07-29T00:28:27+02:00,,,,,resolved
ZW-QC-2026-016,heritage_knowledge,ZW-TK-2026-016,schema_insert,validity,schema,pass,info,Record satisfies every constraint in the DDL.,automated,2026-07-29T00:28:27+02:00,,,,,resolved
ZW-QC-2026-017,heritage_knowledge,ZW-TK-2026-017,schema_insert,validity,schema,pass,info,Record satisfies every constraint in the DDL.,automated,2026-07-29T00:28:27+02:00,,,,,resolved
ZW-QC-2026-018,heritage_knowledge,ZW-TK-2026-018,schema_insert,validity,schema,pass,info,Record satisfies every constraint in the DDL.,automated,2026-07-29T00:28:27+02:00,,,,,resolved
ZW-QC-2026-019,heritage_knowledge,ZW-TK-2026-019,schema_insert,validity,schema,pass,info,Record satisfies every constraint in the DDL.,automated,2026-07-29T00:28:27+02:00,,,,,resolved
ZW-QC-2026-020,heritage_knowledge,ZW-TK-2026-020,schema_insert,validity,schema,pass,info,Record satisfies every constraint in the DDL.,automated,2026-07-29T00:28:27+02:00,,,,,resolved
ZW-QC-2026-021,heritage_knowledge,ZW-TK-2026-021,schema_insert,validity,schema,pass,info,Record satisfies every constraint in the DDL.,automated,2026-07-29T00:28:27+02:00,,,,,resolved
ZW-QC-2026-022,heritage_knowledge,ZW-TK-2026-022,schema_insert,validity,schema,pass,info,Record satisfies every constraint in the DDL.,automated,2026-07-29T00:28:27+02:00,,,,,resolved
ZW-QC-2026-023,heritage_knowledge,ZW-TK-2026-023,schema_insert,validity,schema,pass,info,Record satisfies every constraint in the DDL.,automated,2026-07-29T00:28:27+02:00,,,,,resolved
ZW-QC-2026-024,heritage_knowledge,ZW-TK-2026-024,schema_insert,validity,schema,pass,info,Record satisfies every constraint in the DDL.,automated,2026-07-29T00:28:27+02:00,,,,,resolved
ZW-QC-2026-025,heritage_knowledge,ZW-TK-2026-025,schema_insert,validity,schema,pass,info,Record satisfies every constraint in the DDL.,automated,2026-07-29T00:28:27+02:00,,,,,resolved
ZW-QC-2026-026,heritage_knowledge,ZW-TK-2026-026,schema_insert,validity,schema,pass,info,Record satisfies every constraint in the DDL.,automated,2026-07-29T00:28:27+02:00,,,,,resolved
ZW-QC-2026-027,heritage_knowledge,ZW-TK-2026-027,schema_insert,validity,schema,pass,info,Record satisfies every constraint in the DDL.,automated,2026-07-29T00:28:27+02:00,,,,,resolved
ZW-QC-2026-028,heritage_knowledge,ZW-TK-2026-028,schema_insert,validity,schema,pass,info,Record satisfies every constraint in the DDL.,automated,2026-07-29T00:28:27+02:00,,,,,resolved
ZW-QC-2026-029,heritage_knowledge,ZW-TK-2026-029,schema_insert,validity,schema,pass,info,Record satisfies every constraint in the DDL.,automated,2026-07-29T00:28:27+02:00,,,,,resolved
ZW-QC-2026-030,heritage_knowledge,ZW-TK-2026-030,schema_insert,validity,schema,pass,info,Record satisfies every constraint in the DDL.,automated,2026-07-29T00:28:27+02:00,,,,,resolved
ZW-QC-2026-031,heritage_knowledge,ZW-TK-2026-031,schema_insert,validity,schema,pass,info,Record satisfies every constraint in the DDL.,automated,2026-07-29T00:28:27+02:00,,,,,resolved
ZW-QC-2026-032,heritage_knowledge,ZW-TK-2026-032,schema_insert,validity,schema,pass,info,Record satisfies every constraint in the DDL.,automated,2026-07-29T00:28:27+02:00,,,,,resolved
ZW-QC-2026-033,heritage_knowledge,ZW-TK-2026-033,schema_insert,validity,schema,pass,info,Record satisfies every constraint in the DDL.,automated,2026-07-29T00:28:27+02:00,,,,,resolved
ZW-QC-2026-034,heritage_knowledge,ZW-TK-2026-034,schema_insert,validity,schema,pass,info,Record satisfies every constraint in the DDL.,automated,2026-07-29T00:28:27+02:00,,,,,resolved
ZW-QC-2026-035,heritage_knowledge,ZW-TK-2026-035,schema_insert,validity,schema,pass,info,Record satisfies every constraint in the DDL.,automated,2026-07-29T00:28:27+02:00,,,,,resolved
ZW-QC-2026-036,heritage_knowledge,ZW-TK-2026-036,schema_insert,validity,schema,pass,info,Record satisfies every constraint in the DDL.,automated,2026-07-29T00:28:27+02:00,,,,,resolved
ZW-QC-2026-037,heritage_knowledge,ZW-TK-2026-037,schema_insert,validity,schema,pass,info,Record satisfies every constraint in the DDL.,automated,2026-07-29T00:28:27+02:00,,,,,resolved
ZW-QC-2026-038,heritage_knowledge,ZW-TK-2026-038,schema_insert,validity,schema,pass,info,Record satisfies every constraint in the DDL.,automated,2026-07-29T00:28:27+02:00,,,,,resolved
ZW-QC-2026-039,heritage_knowledge,ZW-TK-2026-039,schema_insert,validity,schema,pass,info,Record satisfies every constraint in the DDL.,automated,2026-07-29T00:28:27+02:00,,,,,resolved
ZW-QC-2026-040,heritage_knowledge,ZW-TK-2026-040,schema_insert,validity,schema,pass,info,Record satisfies every constraint in the DDL.,automated,2026-07-29T00:28:27+02:00,,,,,resolved
ZW-QC-2026-041,heritage_knowledge,ZW-TK-2026-041,schema_insert,validity,schema,pass,info,Record satisfies every constraint in the DDL.,automated,2026-07-29T00:28:27+02:00,,,,,resolved
ZW-QC-2026-042,heritage_knowledge,ZW-TK-2026-042,schema_insert,validity,schema,pass,info,Record satisfies every constraint in the DDL.,automated,2026-07-29T00:28:27+02:00,,,,,resolved
ZW-QC-2026-043,heritage_knowledge,ZW-TK-2026-043,schema_insert,validity,schema,pass,info,Record satisfies every constraint in the DDL.,automated,2026-07-29T00:28:27+02:00,,,,,resolved
ZW-QC-2026-044,heritage_knowledge,ZW-TK-2026-044,schema_insert,validity,schema,pass,info,Record satisfies every constraint in the DDL.,automated,2026-07-29T00:28:27+02:00,,,,,resolved
ZW-QC-2026-045,heritage_knowledge,ZW-TK-2026-045,schema_insert,validity,schema,pass,info,Record satisfies every constraint in the DDL.,automated,2026-07-29T00:28:27+02:00,,,,,resolved
ZW-QC-2026-046,heritage_knowledge,ZW-TK-2026-046,schema_insert,validity,schema,pass,info,Record satisfies every constraint in the DDL.,automated,2026-07-29T00:28:27+02:00,,,,,resolved
ZW-QC-2026-047,heritage_knowledge,ZW-TK-2026-047,schema_insert,validity,schema,pass,info,Record satisfies every constraint in the DDL.,automated,2026-07-29T00:28:27+02:00,,,,,resolved
ZW-QC-2026-048,heritage_knowledge,ZW-TK-2026-048,schema_insert,validity,schema,pass,info,Record satisfies every constraint in the DDL.,automated,2026-07-29T00:28:27+02:00,,,,,resolved
ZW-QC-2026-049,heritage_knowledge,ZW-TK-2026-049,schema_insert,validity,schema,pass,info,Record satisfies every constraint in the DDL.,automated,2026-07-29T00:28:27+02:00,,,,,resolved
ZW-QC-2026-050,heritage_knowledge,ZW-TK-2026-050,schema_insert,validity,schema,pass,info,Record satisfies every constraint in the DDL.,automated,2026-07-29T00:28:27+02:00,,,,,resolved
ZW-QC-2026-051,heritage_knowledge,ZW-TK-2026-051,schema_insert,validity,schema,pass,info,Record satisfies every constraint in the DDL.,automated,2026-07-29T00:28:27+02:00,,,,,resolved
ZW-QC-2026-052,heritage_knowledge,ZW-TK-2026-052,schema_insert,validity,schema,pass,info,Record satisfies every constraint in the DDL.,automated,2026-07-29T00:28:27+02:00,,,,,resolved
ZW-QC-2026-053,heritage_knowledge,<batch:tk_id>,critical_field_completeness,completeness,completeness,pass,info,tk_id: 100.0% populated against a 95% threshold.,automated,2026-07-29T00:28:27+02:00,,,,,resolved
ZW-QC-2026-054,heritage_knowledge,<batch:source_id>,critical_field_completeness,completeness,completeness,pass,info,source_id: 100.0% populated against a 95% threshold.,automated,2026-07-29T00:28:27+02:00,,,,,resolved
ZW-QC-2026-055,heritage_knowledge,<batch:holder_pseudonym_id>,critical_field_completeness,completeness,completeness,pass,info,holder_pseudonym_id: 100.0% populated against a 95% threshold.,automated,2026-07-29T00:28:27+02:00,,,,,resolved
ZW-QC-2026-056,heritage_knowledge,<batch:community_council_id>,critical_field_completeness,completeness,completeness,pass,info,community_council_id: 100.0% populated against a 95% threshold.,automated,2026-07-29T00:28:27+02:00,,,,,resolved
ZW-QC-2026-057,heritage_knowledge,<batch:council_endorsement_ref>,critical_field_completeness,completeness,completeness,pass,info,council_endorsement_ref: 100.0% populated against a 95% threshold.,automated,2026-07-29T00:28:27+02:00,,,,,resolved
ZW-QC-2026-058,heritage_knowledge,<batch:consent_reference>,critical_field_completeness,completeness,completeness,pass,info,consent_reference: 100.0% populated against a 95% threshold.,automated,2026-07-29T00:28:27+02:00,,,,,resolved
ZW-QC-2026-059,heritage_knowledge,<batch:consent_date>,critical_field_completeness,completeness,completeness,pass,info,consent_date: 100.0% populated against a 95% threshold.,automated,2026-07-29T00:28:27+02:00,,,,,resolved
ZW-QC-2026-060,heritage_knowledge,<batch:collection_language>,critical_field_completeness,completeness,completeness,pass,info,collection_language: 100.0% populated against a 95% threshold.,automated,2026-07-29T00:28:27+02:00,,,,,resolved
ZW-QC-2026-061,heritage_knowledge,<batch:knowledge_type>,critical_field_completeness,completeness,completeness,pass,info,knowledge_type: 100.0% populated against a 95% threshold.,automated,2026-07-29T00:28:27+02:00,,,,,resolved
ZW-QC-2026-062,heritage_knowledge,<batch:local_plant_name>,critical_field_completeness,completeness,completeness,pass,info,local_plant_name: 100.0% populated against a 95% threshold.,automated,2026-07-29T00:28:27+02:00,,,,,resolved
ZW-QC-2026-063,heritage_knowledge,<batch:language_tag>,critical_field_completeness,completeness,completeness,pass,info,language_tag: 100.0% populated against a 95% threshold.,automated,2026-07-29T00:28:27+02:00,,,,,resolved
ZW-QC-2026-064,heritage_knowledge,<batch:disease_target_local>,critical_field_completeness,completeness,completeness,pass,info,disease_target_local: 100.0% populated against a 95% threshold.,automated,2026-07-29T00:28:27+02:00,,,,,resolved
ZW-QC-2026-065,heritage_knowledge,<batch:sensitivity_level>,critical_field_completeness,completeness,completeness,pass,info,sensitivity_level: 100.0% populated against a 95% threshold.,automated,2026-07-29T00:28:27+02:00,,,,,resolved
ZW-QC-2026-066,heritage_knowledge,<batch:benefit_sharing_agreement_ref>,critical_field_completeness,completeness,completeness,pass,info,benefit_sharing_agreement_ref: 100.0% populated against a 95% threshold.,automated,2026-07-29T00:28:27+02:00,,,,,resolved
ZW-QC-2026-067,heritage_knowledge,<batch>,identifier_format,consistency,controlled_vocab,pass,info,All 52 identifiers match ^ZW-TK-\d{4}-\d{3}$.,automated,2026-07-29T00:28:27+02:00,,,,,resolved
ZW-QC-2026-068,heritage_knowledge,<batch>,primary_key_uniqueness,uniqueness,duplicate,pass,info,All 52 identifiers are unique within the batch.,automated,2026-07-29T00:28:27+02:00,,,,,resolved
ZW-QC-2026-069,environmental_samples,ZW-SMP-2026-001,schema_insert,validity,schema,pass,info,Record satisfies every constraint in the DDL.,automated,2026-07-29T00:28:27+02:00,,,,,resolved
ZW-QC-2026-070,environmental_samples,ZW-SMP-2026-002,schema_insert,validity,schema,pass,info,Record satisfies every constraint in the DDL.,automated,2026-07-29T00:28:27+02:00,,,,,resolved
ZW-QC-2026-071,environmental_samples,ZW-SMP-2026-003,schema_insert,validity,schema,pass,info,Record satisfies every constraint in the DDL.,automated,2026-07-29T00:28:27+02:00,,,,,resolved
ZW-QC-2026-072,environmental_samples,ZW-SMP-2026-004,schema_insert,validity,schema,pass,info,Record satisfies every constraint in the DDL.,automated,2026-07-29T00:28:27+02:00,,,,,resolved
ZW-QC-2026-073,environmental_samples,ZW-SMP-2026-005,schema_insert,validity,schema,pass,info,Record satisfies every constraint in the DDL.,automated,2026-07-29T00:28:27+02:00,,,,,resolved
ZW-QC-2026-074,environmental_samples,ZW-SMP-2026-006,schema_insert,validity,schema,pass,info,Record satisfies every constraint in the DDL.,automated,2026-07-29T00:28:27+02:00,,,,,resolved
ZW-QC-2026-075,environmental_samples,ZW-SMP-2026-007,schema_insert,validity,schema,pass,info,Record satisfies every constraint in the DDL.,automated,2026-07-29T00:28:27+02:00,,,,,resolved
ZW-QC-2026-076,environmental_samples,ZW-SMP-2026-008,schema_insert,validity,schema,pass,info,Record satisfies every constraint in the DDL.,automated,2026-07-29T00:28:27+02:00,,,,,resolved
ZW-QC-2026-077,environmental_samples,ZW-SMP-2026-009,schema_insert,validity,schema,pass,info,Record satisfies every constraint in the DDL.,automated,2026-07-29T00:28:27+02:00,,,,,resolved
ZW-QC-2026-078,environmental_samples,ZW-SMP-2026-010,schema_insert,validity,schema,pass,info,Record satisfies every constraint in the DDL.,automated,2026-07-29T00:28:27+02:00,,,,,resolved
ZW-QC-2026-079,environmental_samples,ZW-SMP-2026-011,schema_insert,validity,schema,pass,info,Record satisfies every constraint in the DDL.,automated,2026-07-29T00:28:27+02:00,,,,,resolved
ZW-QC-2026-080,environmental_samples,ZW-SMP-2026-012,schema_insert,validity,schema,pass,info,Record satisfies every constraint in the DDL.,automated,2026-07-29T00:28:27+02:00,,,,,resolved
ZW-QC-2026-081,environmental_samples,ZW-SMP-2026-013,schema_insert,validity,schema,pass,info,Record satisfies every constraint in the DDL.,automated,2026-07-29T00:28:27+02:00,,,,,resolved
ZW-QC-2026-082,environmental_samples,ZW-SMP-2026-014,schema_insert,validity,schema,pass,info,Record satisfies every constraint in the DDL.,automated,2026-07-29T00:28:27+02:00,,,,,resolved
ZW-QC-2026-083,environmental_samples,ZW-SMP-2026-015,schema_insert,validity,schema,pass,info,Record satisfies every constraint in the DDL.,automated,2026-07-29T00:28:27+02:00,,,,,resolved
ZW-QC-2026-084,environmental_samples,ZW-SMP-2026-016,schema_insert,validity,schema,pass,info,Record satisfies every constraint in the DDL.,automated,2026-07-29T00:28:27+02:00,,,,,resolved
ZW-QC-2026-085,environmental_samples,ZW-SMP-2026-017,schema_insert,validity,schema,pass,info,Record satisfies every constraint in the DDL.,automated,2026-07-29T00:28:27+02:00,,,,,resolved
ZW-QC-2026-086,environmental_samples,ZW-SMP-2026-018,schema_insert,validity,schema,pass,info,Record satisfies every constraint in the DDL.,automated,2026-07-29T00:28:27+02:00,,,,,resolved
ZW-QC-2026-087,environmental_samples,ZW-SMP-2026-019,schema_insert,validity,schema,pass,info,Record satisfies every constraint in the DDL.,automated,2026-07-29T00:28:27+02:00,,,,,resolved
ZW-QC-2026-088,environmental_samples,ZW-SMP-2026-020,schema_insert,validity,schema,pass,info,Record satisfies every constraint in the DDL.,automated,2026-07-29T00:28:27+02:00,,,,,resolved
ZW-QC-2026-089,environmental_samples,ZW-SMP-2026-021,schema_insert,validity,schema,pass,info,Record satisfies every constraint in the DDL.,automated,2026-07-29T00:28:27+02:00,,,,,resolved
ZW-QC-2026-090,environmental_samples,ZW-SMP-2026-022,schema_insert,validity,schema,pass,info,Record satisfies every constraint in the DDL.,automated,2026-07-29T00:28:27+02:00,,,,,resolved
ZW-QC-2026-091,environmental_samples,ZW-SMP-2026-023,schema_insert,validity,schema,pass,info,Record satisfies every constraint in the DDL.,automated,2026-07-29T00:28:27+02:00,,,,,resolved
ZW-QC-2026-092,environmental_samples,ZW-SMP-2026-024,schema_insert,validity,schema,pass,info,Record satisfies every constraint in the DDL.,automated,2026-07-29T00:28:27+02:00,,,,,resolved
ZW-QC-2026-093,environmental_samples,ZW-SMP-2026-025,schema_insert,validity,schema,pass,info,Record satisfies every constraint in the DDL.,automated,2026-07-29T00:28:27+02:00,,,,,resolved
ZW-QC-2026-094,environmental_samples,ZW-SMP-2026-026,schema_insert,validity,schema,pass,info,Record satisfies every constraint in the DDL.,automated,2026-07-29T00:28:27+02:00,,,,,resolved
ZW-QC-2026-095,environmental_samples,ZW-SMP-2026-027,schema_insert,validity,schema,pass,info,Record satisfies every constraint in the DDL.,automated,2026-07-29T00:28:27+02:00,,,,,resolved
ZW-QC-2026-096,environmental_samples,ZW-SMP-2026-028,schema_insert,validity,schema,pass,info,Record satisfies every constraint in the DDL.,automated,2026-07-29T00:28:27+02:00,,,,,resolved
ZW-QC-2026-097,environmental_samples,ZW-SMP-2026-029,schema_insert,validity,schema,pass,info,Record satisfies every constraint in the DDL.,automated,2026-07-29T00:28:27+02:00,,,,,resolved
ZW-QC-2026-098,environmental_samples,ZW-SMP-2026-030,schema_insert,validity,schema,pass,info,Record satisfies every constraint in the DDL.,automated,2026-07-29T00:28:27+02:00,,,,,resolved
ZW-QC-2026-099,environmental_samples,ZW-SMP-2026-031,schema_insert,validity,schema,pass,info,Record satisfies every constraint in the DDL.,automated,2026-07-29T00:28:27+02:00,,,,,resolved
ZW-QC-2026-100,environmental_samples,ZW-SMP-2026-032,schema_insert,validity,schema,pass,info,Record satisfies every constraint in the DDL.,automated,2026-07-29T00:28:27+02:00,,,,,resolved
ZW-QC-2026-101,environmental_samples,ZW-SMP-2026-033,schema_insert,validity,schema,pass,info,Record satisfies every constraint in the DDL.,automated,2026-07-29T00:28:27+02:00,,,,,resolved
ZW-QC-2026-102,environmental_samples,ZW-SMP-2026-034,schema_insert,validity,schema,pass,info,Record satisfies every constraint in the DDL.,automated,2026-07-29T00:28:27+02:00,,,,,resolved
ZW-QC-2026-103,environmental_samples,ZW-SMP-2026-035,schema_insert,validity,schema,pass,info,Record satisfies every constraint in the DDL.,automated,2026-07-29T00:28:27+02:00,,,,,resolved
ZW-QC-2026-104,environmental_samples,ZW-SMP-2026-036,schema_insert,validity,schema,pass,info,Record satisfies every constraint in the DDL.,automated,2026-07-29T00:28:27+02:00,,,,,resolved
ZW-QC-2026-105,environmental_samples,ZW-SMP-2026-037,schema_insert,validity,schema,pass,info,Record satisfies every constraint in the DDL.,automated,2026-07-29T00:28:27+02:00,,,,,resolved
ZW-QC-2026-106,environmental_samples,ZW-SMP-2026-038,schema_insert,validity,schema,pass,info,Record satisfies every constraint in the DDL.,automated,2026-07-29T00:28:27+02:00,,,,,resolved
ZW-QC-2026-107,environmental_samples,ZW-SMP-2026-039,schema_insert,validity,schema,pass,info,Record satisfies every constraint in the DDL.,automated,2026-07-29T00:28:27+02:00,,,,,resolved
ZW-QC-2026-108,environmental_samples,ZW-SMP-2026-040,schema_insert,validity,schema,pass,info,Record satisfies every constraint in the DDL.,automated,2026-07-29T00:28:27+02:00,,,,,resolved
ZW-QC-2026-109,environmental_samples,ZW-SMP-2026-041,schema_insert,validity,schema,pass,info,Record satisfies every constraint in the DDL.,automated,2026-07-29T00:28:27+02:00,,,,,resolved
ZW-QC-2026-110,environmental_samples,ZW-SMP-2026-042,schema_insert,validity,schema,pass,info,Record satisfies every constraint in the DDL.,automated,2026-07-29T00:28:27+02:00,,,,,resolved
ZW-QC-2026-111,environmental_samples,ZW-SMP-2026-043,schema_insert,validity,schema,pass,info,Record satisfies every constraint in the DDL.,automated,2026-07-29T00:28:27+02:00,,,,,resolved
ZW-QC-2026-112,environmental_samples,ZW-SMP-2026-044,schema_insert,validity,schema,pass,info,Record satisfies every constraint in the DDL.,automated,2026-07-29T00:28:27+02:00,,,,,resolved
ZW-QC-2026-113,environmental_samples,ZW-SMP-2026-045,schema_insert,validity,schema,pass,info,Record satisfies every constraint in the DDL.,automated,2026-07-29T00:28:27+02:00,,,,,resolved
ZW-QC-2026-114,environmental_samples,ZW-SMP-2026-046,schema_insert,validity,schema,pass,info,Record satisfies every constraint in the DDL.,automated,2026-07-29T00:28:27+02:00,,,,,resolved
ZW-QC-2026-115,environmental_samples,ZW-SMP-2026-047,schema_insert,validity,schema,pass,info,Record satisfies every constraint in the DDL.,automated,2026-07-29T00:28:27+02:00,,,,,resolved
ZW-QC-2026-116,environmental_samples,ZW-SMP-2026-048,schema_insert,validity,schema,pass,info,Record satisfies every constraint in the DDL.,automated,2026-07-29T00:28:27+02:00,,,,,resolved
ZW-QC-2026-117,environmental_samples,ZW-SMP-2026-049,schema_insert,validity,schema,pass,info,Record satisfies every constraint in the DDL.,automated,2026-07-29T00:28:27+02:00,,,,,resolved
ZW-QC-2026-118,environmental_samples,ZW-SMP-2026-050,schema_insert,validity,schema,pass,info,Record satisfies every constraint in the DDL.,automated,2026-07-29T00:28:27+02:00,,,,,resolved
ZW-QC-2026-119,environmental_samples,ZW-SMP-2026-051,schema_insert,validity,schema,pass,info,Record satisfies every constraint in the DDL.,automated,2026-07-29T00:28:27+02:00,,,,,resolved
ZW-QC-2026-120,environmental_samples,ZW-SMP-2026-052,schema_insert,validity,schema,pass,info,Record satisfies every constraint in the DDL.,automated,2026-07-29T00:28:27+02:00,,,,,resolved
ZW-QC-2026-121,environmental_samples,ZW-SMP-2026-053,schema_insert,validity,schema,pass,info,Record satisfies every constraint in the DDL.,automated,2026-07-29T00:28:27+02:00,,,,,resolved
ZW-QC-2026-122,environmental_samples,ZW-SMP-2026-054,schema_insert,validity,schema,pass,info,Record satisfies every constraint in the DDL.,automated,2026-07-29T00:28:27+02:00,,,,,resolved
ZW-QC-2026-123,environmental_samples,ZW-SMP-2026-055,schema_insert,validity,schema,pass,info,Record satisfies every constraint in the DDL.,automated,2026-07-29T00:28:27+02:00,,,,,resolved
ZW-QC-2026-124,environmental_samples,ZW-SMP-2026-056,schema_insert,validity,schema,pass,info,Record satisfies every constraint in the DDL.,automated,2026-07-29T00:28:27+02:00,,,,,resolved
ZW-QC-2026-125,environmental_samples,ZW-SMP-2026-057,schema_insert,validity,schema,pass,info,Record satisfies every constraint in the DDL.,automated,2026-07-29T00:28:27+02:00,,,,,resolved
ZW-QC-2026-126,environmental_samples,ZW-SMP-2026-058,schema_insert,validity,schema,pass,info,Record satisfies every constraint in the DDL.,automated,2026-07-29T00:28:27+02:00,,,,,resolved
ZW-QC-2026-127,environmental_samples,ZW-SMP-2026-059,schema_insert,validity,schema,pass,info,Record satisfies every constraint in the DDL.,automated,2026-07-29T00:28:27+02:00,,,,,resolved
ZW-QC-2026-128,environmental_samples,ZW-SMP-2026-060,schema_insert,validity,schema,pass,info,Record satisfies every constraint in the DDL.,automated,2026-07-29T00:28:27+02:00,,,,,resolved
ZW-QC-2026-129,environmental_samples,ZW-SMP-2026-061,schema_insert,validity,schema,pass,info,Record satisfies every constraint in the DDL.,automated,2026-07-29T00:28:27+02:00,,,,,resolved
ZW-QC-2026-130,environmental_samples,ZW-SMP-2026-062,schema_insert,validity,schema,pass,info,Record satisfies every constraint in the DDL.,automated,2026-07-29T00:28:27+02:00,,,,,resolved
ZW-QC-2026-131,environmental_samples,ZW-SMP-2026-063,schema_insert,validity,schema,pass,info,Record satisfies every constraint in the DDL.,automated,2026-07-29T00:28:27+02:00,,,,,resolved
ZW-QC-2026-132,environmental_samples,ZW-SMP-2026-064,schema_insert,validity,schema,pass,info,Record satisfies every constraint in the DDL.,automated,2026-07-29T00:28:27+02:00,,,,,resolved
ZW-QC-2026-133,environmental_samples,ZW-SMP-2026-065,schema_insert,validity,schema,pass,info,Record satisfies every constraint in the DDL.,automated,2026-07-29T00:28:27+02:00,,,,,resolved
ZW-QC-2026-134,environmental_samples,ZW-SMP-2026-066,schema_insert,validity,schema,pass,info,Record satisfies every constraint in the DDL.,automated,2026-07-29T00:28:27+02:00,,,,,resolved
ZW-QC-2026-135,environmental_samples,ZW-SMP-2026-067,schema_insert,validity,schema,pass,info,Record satisfies every constraint in the DDL.,automated,2026-07-29T00:28:27+02:00,,,,,resolved
ZW-QC-2026-136,environmental_samples,ZW-SMP-2026-068,schema_insert,validity,schema,pass,info,Record satisfies every constraint in the DDL.,automated,2026-07-29T00:28:27+02:00,,,,,resolved
ZW-QC-2026-137,environmental_samples,ZW-SMP-2026-069,schema_insert,validity,schema,pass,info,Record satisfies every constraint in the DDL.,automated,2026-07-29T00:28:27+02:00,,,,,resolved
ZW-QC-2026-138,environmental_samples,ZW-SMP-2026-070,schema_insert,validity,schema,pass,info,Record satisfies every constraint in the DDL.,automated,2026-07-29T00:28:27+02:00,,,,,resolved
ZW-QC-2026-139,environmental_samples,ZW-SMP-2026-071,schema_insert,validity,schema,pass,info,Record satisfies every constraint in the DDL.,automated,2026-07-29T00:28:27+02:00,,,,,resolved
ZW-QC-2026-140,environmental_samples,ZW-SMP-2026-072,schema_insert,validity,schema,pass,info,Record satisfies every constraint in the DDL.,automated,2026-07-29T00:28:27+02:00,,,,,resolved
ZW-QC-2026-141,environmental_samples,ZW-SMP-2026-073,schema_insert,validity,schema,pass,info,Record satisfies every constraint in the DDL.,automated,2026-07-29T00:28:27+02:00,,,,,resolved
ZW-QC-2026-142,environmental_samples,ZW-SMP-2026-074,schema_insert,validity,schema,pass,info,Record satisfies every constraint in the DDL.,automated,2026-07-29T00:28:27+02:00,,,,,resolved
ZW-QC-2026-143,environmental_samples,ZW-SMP-2026-075,schema_insert,validity,schema,pass,info,Record satisfies every constraint in the DDL.,automated,2026-07-29T00:28:27+02:00,,,,,resolved
ZW-QC-2026-144,environmental_samples,ZW-SMP-2026-076,schema_insert,validity,schema,pass,info,Record satisfies every constraint in the DDL.,automated,2026-07-29T00:28:27+02:00,,,,,resolved
ZW-QC-2026-145,environmental_samples,ZW-SMP-2026-077,schema_insert,validity,schema,pass,info,Record satisfies every constraint in the DDL.,automated,2026-07-29T00:28:27+02:00,,,,,resolved
ZW-QC-2026-146,environmental_samples,ZW-SMP-2026-078,schema_insert,validity,schema,pass,info,Record satisfies every constraint in the DDL.,automated,2026-07-29T00:28:27+02:00,,,,,resolved
ZW-QC-2026-147,environmental_samples,ZW-SMP-2026-079,schema_insert,validity,schema,pass,info,Record satisfies every constraint in the DDL.,automated,2026-07-29T00:28:27+02:00,,,,,resolved
ZW-QC-2026-148,environmental_samples,ZW-SMP-2026-080,schema_insert,validity,schema,pass,info,Record satisfies every constraint in the DDL.,automated,2026-07-29T00:28:27+02:00,,,,,resolved
ZW-QC-2026-149,environmental_samples,ZW-SMP-2026-081,schema_insert,validity,schema,pass,info,Record satisfies every constraint in the DDL.,automated,2026-07-29T00:28:27+02:00,,,,,resolved
ZW-QC-2026-150,environmental_samples,ZW-SMP-2026-082,schema_insert,validity,schema,pass,info,Record satisfies every constraint in the DDL.,automated,2026-07-29T00:28:27+02:00,,,,,resolved
ZW-QC-2026-151,environmental_samples,ZW-SMP-2026-083,schema_insert,validity,schema,pass,info,Record satisfies every constraint in the DDL.,automated,2026-07-29T00:28:27+02:00,,,,,resolved
ZW-QC-2026-152,environmental_samples,ZW-SMP-2026-084,schema_insert,validity,schema,pass,info,Record satisfies every constraint in the DDL.,automated,2026-07-29T00:28:27+02:00,,,,,resolved
ZW-QC-2026-153,environmental_samples,ZW-SMP-2026-085,schema_insert,validity,schema,pass,info,Record satisfies every constraint in the DDL.,automated,2026-07-29T00:28:27+02:00,,,,,resolved
ZW-QC-2026-154,environmental_samples,ZW-SMP-2026-086,schema_insert,validity,schema,pass,info,Record satisfies every constraint in the DDL.,automated,2026-07-29T00:28:27+02:00,,,,,resolved
ZW-QC-2026-155,environmental_samples,ZW-SMP-2026-087,schema_insert,validity,schema,pass,info,Record satisfies every constraint in the DDL.,automated,2026-07-29T00:28:27+02:00,,,,,resolved
ZW-QC-2026-156,environmental_samples,ZW-SMP-2026-088,schema_insert,validity,schema,pass,info,Record satisfies every constraint in the DDL.,automated,2026-07-29T00:28:27+02:00,,,,,resolved
ZW-QC-2026-157,environmental_samples,ZW-SMP-2026-089,schema_insert,validity,schema,pass,info,Record satisfies every constraint in the DDL.,automated,2026-07-29T00:28:27+02:00,,,,,resolved
ZW-QC-2026-158,environmental_samples,ZW-SMP-2026-090,schema_insert,validity,schema,pass,info,Record satisfies every constraint in the DDL.,automated,2026-07-29T00:28:27+02:00,,,,,resolved
ZW-QC-2026-159,environmental_samples,ZW-SMP-2026-091,schema_insert,validity,schema,pass,info,Record satisfies every constraint in the DDL.,automated,2026-07-29T00:28:27+02:00,,,,,resolved
ZW-QC-2026-160,environmental_samples,ZW-SMP-2026-092,schema_insert,validity,schema,pass,info,Record satisfies every constraint in the DDL.,automated,2026-07-29T00:28:27+02:00,,,,,resolved
ZW-QC-2026-161,environmental_samples,ZW-SMP-2026-093,schema_insert,validity,schema,pass,info,Record satisfies every constraint in the DDL.,automated,2026-07-29T00:28:27+02:00,,,,,resolved
ZW-QC-2026-162,environmental_samples,ZW-SMP-2026-094,schema_insert,validity,schema,pass,info,Record satisfies every constraint in the DDL.,automated,2026-07-29T00:28:27+02:00,,,,,resolved
ZW-QC-2026-163,environmental_samples,ZW-SMP-2026-095,schema_insert,validity,schema,pass,info,Record satisfies every constraint in the DDL.,automated,2026-07-29T00:28:27+02:00,,,,,resolved
ZW-QC-2026-164,environmental_samples,ZW-SMP-2026-096,schema_insert,validity,schema,pass,info,Record satisfies every constraint in the DDL.,automated,2026-07-29T00:28:27+02:00,,,,,resolved
ZW-QC-2026-165,environmental_samples,ZW-SMP-2026-097,schema_insert,validity,schema,pass,info,Record satisfies every constraint in the DDL.,automated,2026-07-29T00:28:27+02:00,,,,,resolved
ZW-QC-2026-166,environmental_samples,ZW-SMP-2026-098,schema_insert,validity,schema,pass,info,Record satisfies every constraint in the DDL.,automated,2026-07-29T00:28:27+02:00,,,,,resolved
ZW-QC-2026-167,environmental_samples,ZW-SMP-2026-099,schema_insert,validity,schema,pass,info,Record satisfies every constraint in the DDL.,automated,2026-07-29T00:28:27+02:00,,,,,resolved
ZW-QC-2026-168,environmental_samples,ZW-SMP-2026-100,schema_insert,validity,schema,pass,info,Record satisfies every constraint in the DDL.,automated,2026-07-29T00:28:27+02:00,,,,,resolved
ZW-QC-2026-169,environmental_samples,ZW-SMP-2026-101,schema_insert,validity,schema,pass,info,Record satisfies every constraint in the DDL.,automated,2026-07-29T00:28:27+02:00,,,,,resolved
ZW-QC-2026-170,environmental_samples,ZW-SMP-2026-102,schema_insert,validity,schema,pass,info,Record satisfies every constraint in the DDL.,automated,2026-07-29T00:28:27+02:00,,,,,resolved
ZW-QC-2026-171,environmental_samples,ZW-SMP-2026-103,schema_insert,validity,schema,pass,info,Record satisfies every constraint in the DDL.,automated,2026-07-29T00:28:27+02:00,,,,,resolved
ZW-QC-2026-172,environmental_samples,ZW-SMP-2026-104,schema_insert,validity,schema,pass,info,Record satisfies every constraint in the DDL.,automated,2026-07-29T00:28:27+02:00,,,,,resolved
ZW-QC-2026-173,environmental_samples,ZW-SMP-2026-105,schema_insert,validity,schema,pass,info,Record satisfies every constraint in the DDL.,automated,2026-07-29T00:28:27+02:00,,,,,resolved
ZW-QC-2026-174,environmental_samples,ZW-SMP-2026-106,schema_insert,validity,schema,pass,info,Record satisfies every constraint in the DDL.,automated,2026-07-29T00:28:27+02:00,,,,,resolved
ZW-QC-2026-175,environmental_samples,ZW-SMP-2026-107,schema_insert,validity,schema,pass,info,Record satisfies every constraint in the DDL.,automated,2026-07-29T00:28:27+02:00,,,,,resolved
ZW-QC-2026-176,environmental_samples,ZW-SMP-2026-108,schema_insert,validity,schema,pass,info,Record satisfies every constraint in the DDL.,automated,2026-07-29T00:28:27+02:00,,,,,resolved
ZW-QC-2026-177,environmental_samples,ZW-SMP-2026-109,schema_insert,validity,schema,pass,info,Record satisfies every constraint in the DDL.,automated,2026-07-29T00:28:27+02:00,,,,,resolved
ZW-QC-2026-178,environmental_samples,ZW-SMP-2026-110,schema_insert,validity,schema,pass,info,Record satisfies every constraint in the DDL.,automated,2026-07-29T00:28:27+02:00,,,,,resolved
ZW-QC-2026-179,environmental_samples,ZW-SMP-2026-111,schema_insert,validity,schema,pass,info,Record satisfies every constraint in the DDL.,automated,2026-07-29T00:28:27+02:00,,,,,resolved
ZW-QC-2026-180,environmental_samples,ZW-SMP-2026-112,schema_insert,validity,schema,pass,info,Record satisfies every constraint in the DDL.,automated,2026-07-29T00:28:27+02:00,,,,,resolved
ZW-QC-2026-181,environmental_samples,ZW-SMP-2026-113,schema_insert,validity,schema,pass,info,Record satisfies every constraint in the DDL.,automated,2026-07-29T00:28:27+02:00,,,,,resolved
ZW-QC-2026-182,environmental_samples,ZW-SMP-2026-114,schema_insert,validity,schema,pass,info,Record satisfies every constraint in the DDL.,automated,2026-07-29T00:28:27+02:00,,,,,resolved
ZW-QC-2026-183,environmental_samples,ZW-SMP-2026-115,schema_insert,validity,schema,pass,info,Record satisfies every constraint in the DDL.,automated,2026-07-29T00:28:27+02:00,,,,,resolved
ZW-QC-2026-184,environmental_samples,ZW-SMP-2026-116,schema_insert,validity,schema,pass,info,Record satisfies every constraint in the DDL.,automated,2026-07-29T00:28:27+02:00,,,,,resolved
ZW-QC-2026-185,environmental_samples,ZW-SMP-2026-117,schema_insert,validity,schema,pass,info,Record satisfies every constraint in the DDL.,automated,2026-07-29T00:28:27+02:00,,,,,resolved
ZW-QC-2026-186,environmental_samples,ZW-SMP-2026-118,schema_insert,validity,schema,pass,info,Record satisfies every constraint in the DDL.,automated,2026-07-29T00:28:27+02:00,,,,,resolved
ZW-QC-2026-187,environmental_samples,ZW-SMP-2026-119,schema_insert,validity,schema,pass,info,Record satisfies every constraint in the DDL.,automated,2026-07-29T00:28:27+02:00,,,,,resolved
ZW-QC-2026-188,environmental_samples,ZW-SMP-2026-120,schema_insert,validity,schema,pass,info,Record satisfies every constraint in the DDL.,automated,2026-07-29T00:28:27+02:00,,,,,resolved
ZW-QC-2026-189,environmental_samples,<batch:sample_id>,critical_field_completeness,completeness,completeness,pass,info,sample_id: 100.0% populated against a 95% threshold.,automated,2026-07-29T00:28:27+02:00,,,,,resolved
ZW-QC-2026-190,environmental_samples,<batch:source_id>,critical_field_completeness,completeness,completeness,pass,info,source_id: 100.0% populated against a 95% threshold.,automated,2026-07-29T00:28:27+02:00,,,,,resolved
ZW-QC-2026-191,environmental_samples,<batch:ecozone>,critical_field_completeness,completeness,completeness,pass,info,ecozone: 100.0% populated against a 95% threshold.,automated,2026-07-29T00:28:27+02:00,,,,,resolved
ZW-QC-2026-192,environmental_samples,<batch:district>,critical_field_completeness,completeness,completeness,pass,info,district: 100.0% populated against a 95% threshold.,automated,2026-07-29T00:28:27+02:00,,,,,resolved
ZW-QC-2026-193,environmental_samples,<batch:land_tenure>,critical_field_completeness,completeness,completeness,pass,info,land_tenure: 100.0% populated against a 95% threshold.,automated,2026-07-29T00:28:27+02:00,,,,,resolved
ZW-QC-2026-194,environmental_samples,<batch:gps_latitude>,critical_field_completeness,completeness,completeness,pass,info,gps_latitude: 100.0% populated against a 95% threshold.,automated,2026-07-29T00:28:27+02:00,,,,,resolved
ZW-QC-2026-195,environmental_samples,<batch:gps_longitude>,critical_field_completeness,completeness,completeness,pass,info,gps_longitude: 100.0% populated against a 95% threshold.,automated,2026-07-29T00:28:27+02:00,,,,,resolved
ZW-QC-2026-196,environmental_samples,<batch:sample_type>,critical_field_completeness,completeness,completeness,pass,info,sample_type: 100.0% populated against a 95% threshold.,automated,2026-07-29T00:28:27+02:00,,,,,resolved
ZW-QC-2026-197,environmental_samples,<batch:collection_date>,critical_field_completeness,completeness,completeness,pass,info,collection_date: 100.0% populated against a 95% threshold.,automated,2026-07-29T00:28:27+02:00,,,,,resolved
ZW-QC-2026-198,environmental_samples,<batch:season>,critical_field_completeness,completeness,completeness,pass,info,season: 100.0% populated against a 95% threshold.,automated,2026-07-29T00:28:27+02:00,,,,,resolved
ZW-QC-2026-199,environmental_samples,<batch:collector_id>,critical_field_completeness,completeness,completeness,pass,info,collector_id: 100.0% populated against a 95% threshold.,automated,2026-07-29T00:28:27+02:00,,,,,resolved
ZW-QC-2026-200,environmental_samples,<batch:preservation_method>,critical_field_completeness,completeness,completeness,pass,info,preservation_method: 100.0% populated against a 95% threshold.,automated,2026-07-29T00:28:27+02:00,,,,,resolved
ZW-QC-2026-201,environmental_samples,<batch:minutes_to_preservation>,critical_field_completeness,completeness,completeness,pass,info,minutes_to_preservation: 100.0% populated against a 95% threshold.,automated,2026-07-29T00:28:27+02:00,,,,,resolved
ZW-QC-2026-202,environmental_samples,<batch:processing_lab>,critical_field_completeness,completeness,completeness,pass,info,processing_lab: 100.0% populated against a 95% threshold.,automated,2026-07-29T00:28:27+02:00,,,,,resolved
ZW-QC-2026-203,environmental_samples,<batch:chain_of_custody_ref>,critical_field_completeness,completeness,completeness,pass,info,chain_of_custody_ref: 100.0% populated against a 95% threshold.,automated,2026-07-29T00:28:27+02:00,,,,,resolved
ZW-QC-2026-204,environmental_samples,<batch>,identifier_format,consistency,controlled_vocab,pass,info,All 120 identifiers match ^ZW-SMP-\d{4}-\d{3}$.,automated,2026-07-29T00:28:27+02:00,,,,,resolved
ZW-QC-2026-205,environmental_samples,<batch>,primary_key_uniqueness,uniqueness,duplicate,pass,info,All 120 identifiers are unique within the batch.,automated,2026-07-29T00:28:27+02:00,,,,,resolved
ZW-QC-2026-206,environmental_samples,<batch>,near_duplicate_sample,uniqueness,duplicate,pass,info,"No two samples share type, coordinates, depth, date and collector.",automated,2026-07-29T00:28:27+02:00,,,,,resolved
ZW-QC-2026-207,genomic_sequences,ZW-SEQ-2026-001,schema_insert,validity,schema,pass,info,Record satisfies every constraint in the DDL.,automated,2026-07-29T00:28:27+02:00,,,,,resolved
ZW-QC-2026-208,genomic_sequences,ZW-SEQ-2026-002,schema_insert,validity,schema,pass,info,Record satisfies every constraint in the DDL.,automated,2026-07-29T00:28:27+02:00,,,,,resolved
ZW-QC-2026-209,genomic_sequences,ZW-SEQ-2026-003,schema_insert,validity,schema,pass,info,Record satisfies every constraint in the DDL.,automated,2026-07-29T00:28:27+02:00,,,,,resolved
ZW-QC-2026-210,genomic_sequences,ZW-SEQ-2026-004,schema_insert,validity,schema,pass,info,Record satisfies every constraint in the DDL.,automated,2026-07-29T00:28:27+02:00,,,,,resolved
ZW-QC-2026-211,genomic_sequences,ZW-SEQ-2026-005,schema_insert,validity,schema,pass,info,Record satisfies every constraint in the DDL.,automated,2026-07-29T00:28:27+02:00,,,,,resolved
ZW-QC-2026-212,genomic_sequences,ZW-SEQ-2026-006,schema_insert,validity,schema,pass,info,Record satisfies every constraint in the DDL.,automated,2026-07-29T00:28:27+02:00,,,,,resolved
ZW-QC-2026-213,genomic_sequences,ZW-SEQ-2026-007,schema_insert,validity,schema,pass,info,Record satisfies every constraint in the DDL.,automated,2026-07-29T00:28:27+02:00,,,,,resolved
ZW-QC-2026-214,genomic_sequences,ZW-SEQ-2026-008,schema_insert,validity,schema,pass,info,Record satisfies every constraint in the DDL.,automated,2026-07-29T00:28:27+02:00,,,,,resolved
ZW-QC-2026-215,genomic_sequences,ZW-SEQ-2026-009,schema_insert,validity,schema,pass,info,Record satisfies every constraint in the DDL.,automated,2026-07-29T00:28:27+02:00,,,,,resolved
ZW-QC-2026-216,genomic_sequences,ZW-SEQ-2026-010,schema_insert,validity,schema,pass,info,Record satisfies every constraint in the DDL.,automated,2026-07-29T00:28:27+02:00,,,,,resolved
ZW-QC-2026-217,genomic_sequences,ZW-SEQ-2026-011,schema_insert,validity,schema,pass,info,Record satisfies every constraint in the DDL.,automated,2026-07-29T00:28:27+02:00,,,,,resolved
ZW-QC-2026-218,genomic_sequences,ZW-SEQ-2026-012,schema_insert,validity,schema,pass,info,Record satisfies every constraint in the DDL.,automated,2026-07-29T00:28:27+02:00,,,,,resolved
ZW-QC-2026-219,genomic_sequences,ZW-SEQ-2026-013,schema_insert,validity,schema,pass,info,Record satisfies every constraint in the DDL.,automated,2026-07-29T00:28:27+02:00,,,,,resolved
ZW-QC-2026-220,genomic_sequences,ZW-SEQ-2026-014,schema_insert,validity,schema,pass,info,Record satisfies every constraint in the DDL.,automated,2026-07-29T00:28:27+02:00,,,,,resolved
ZW-QC-2026-221,genomic_sequences,ZW-SEQ-2026-015,schema_insert,validity,schema,pass,info,Record satisfies every constraint in the DDL.,automated,2026-07-29T00:28:27+02:00,,,,,resolved
ZW-QC-2026-222,genomic_sequences,ZW-SEQ-2026-016,schema_insert,validity,schema,pass,info,Record satisfies every constraint in the DDL.,automated,2026-07-29T00:28:27+02:00,,,,,resolved
ZW-QC-2026-223,genomic_sequences,ZW-SEQ-2026-017,schema_insert,validity,schema,pass,info,Record satisfies every constraint in the DDL.,automated,2026-07-29T00:28:27+02:00,,,,,resolved
ZW-QC-2026-224,genomic_sequences,ZW-SEQ-2026-018,schema_insert,validity,schema,pass,info,Record satisfies every constraint in the DDL.,automated,2026-07-29T00:28:27+02:00,,,,,resolved
ZW-QC-2026-225,genomic_sequences,ZW-SEQ-2026-019,schema_insert,validity,schema,pass,info,Record satisfies every constraint in the DDL.,automated,2026-07-29T00:28:27+02:00,,,,,resolved
ZW-QC-2026-226,genomic_sequences,ZW-SEQ-2026-020,schema_insert,validity,schema,pass,info,Record satisfies every constraint in the DDL.,automated,2026-07-29T00:28:27+02:00,,,,,resolved
ZW-QC-2026-227,genomic_sequences,ZW-SEQ-2026-021,schema_insert,validity,schema,pass,info,Record satisfies every constraint in the DDL.,automated,2026-07-29T00:28:27+02:00,,,,,resolved
ZW-QC-2026-228,genomic_sequences,ZW-SEQ-2026-022,schema_insert,validity,schema,pass,info,Record satisfies every constraint in the DDL.,automated,2026-07-29T00:28:27+02:00,,,,,resolved
ZW-QC-2026-229,genomic_sequences,ZW-SEQ-2026-023,schema_insert,validity,schema,pass,info,Record satisfies every constraint in the DDL.,automated,2026-07-29T00:28:27+02:00,,,,,resolved
ZW-QC-2026-230,genomic_sequences,ZW-SEQ-2026-024,schema_insert,validity,schema,pass,info,Record satisfies every constraint in the DDL.,automated,2026-07-29T00:28:27+02:00,,,,,resolved
ZW-QC-2026-231,genomic_sequences,ZW-SEQ-2026-025,schema_insert,validity,schema,pass,info,Record satisfies every constraint in the DDL.,automated,2026-07-29T00:28:27+02:00,,,,,resolved
ZW-QC-2026-232,genomic_sequences,ZW-SEQ-2026-026,schema_insert,validity,schema,pass,info,Record satisfies every constraint in the DDL.,automated,2026-07-29T00:28:27+02:00,,,,,resolved
ZW-QC-2026-233,genomic_sequences,ZW-SEQ-2026-027,schema_insert,validity,schema,pass,info,Record satisfies every constraint in the DDL.,automated,2026-07-29T00:28:27+02:00,,,,,resolved
ZW-QC-2026-234,genomic_sequences,ZW-SEQ-2026-028,schema_insert,validity,schema,pass,info,Record satisfies every constraint in the DDL.,automated,2026-07-29T00:28:27+02:00,,,,,resolved
ZW-QC-2026-235,genomic_sequences,ZW-SEQ-2026-029,schema_insert,validity,schema,pass,info,Record satisfies every constraint in the DDL.,automated,2026-07-29T00:28:27+02:00,,,,,resolved
ZW-QC-2026-236,genomic_sequences,ZW-SEQ-2026-030,schema_insert,validity,schema,pass,info,Record satisfies every constraint in the DDL.,automated,2026-07-29T00:28:27+02:00,,,,,resolved
ZW-QC-2026-237,genomic_sequences,ZW-SEQ-2026-031,schema_insert,validity,schema,pass,info,Record satisfies every constraint in the DDL.,automated,2026-07-29T00:28:27+02:00,,,,,resolved
ZW-QC-2026-238,genomic_sequences,ZW-SEQ-2026-032,schema_insert,validity,schema,pass,info,Record satisfies every constraint in the DDL.,automated,2026-07-29T00:28:27+02:00,,,,,resolved
ZW-QC-2026-239,genomic_sequences,ZW-SEQ-2026-033,schema_insert,validity,schema,pass,info,Record satisfies every constraint in the DDL.,automated,2026-07-29T00:28:27+02:00,,,,,resolved
ZW-QC-2026-240,genomic_sequences,ZW-SEQ-2026-034,schema_insert,validity,schema,pass,info,Record satisfies every constraint in the DDL.,automated,2026-07-29T00:28:27+02:00,,,,,resolved
ZW-QC-2026-241,genomic_sequences,ZW-SEQ-2026-035,schema_insert,validity,schema,pass,info,Record satisfies every constraint in the DDL.,automated,2026-07-29T00:28:27+02:00,,,,,resolved
ZW-QC-2026-242,genomic_sequences,ZW-SEQ-2026-036,schema_insert,validity,schema,pass,info,Record satisfies every constraint in the DDL.,automated,2026-07-29T00:28:27+02:00,,,,,resolved
ZW-QC-2026-243,genomic_sequences,ZW-SEQ-2026-037,schema_insert,validity,schema,pass,info,Record satisfies every constraint in the DDL.,automated,2026-07-29T00:28:27+02:00,,,,,resolved
ZW-QC-2026-244,genomic_sequences,ZW-SEQ-2026-038,schema_insert,validity,schema,pass,info,Record satisfies every constraint in the DDL.,automated,2026-07-29T00:28:27+02:00,,,,,resolved
ZW-QC-2026-245,genomic_sequences,ZW-SEQ-2026-039,schema_insert,validity,schema,pass,info,Record satisfies every constraint in the DDL.,automated,2026-07-29T00:28:27+02:00,,,,,resolved
ZW-QC-2026-246,genomic_sequences,ZW-SEQ-2026-040,schema_insert,validity,schema,pass,info,Record satisfies every constraint in the DDL.,automated,2026-07-29T00:28:27+02:00,,,,,resolved
ZW-QC-2026-247,genomic_sequences,ZW-SEQ-2026-041,schema_insert,validity,schema,pass,info,Record satisfies every constraint in the DDL.,automated,2026-07-29T00:28:27+02:00,,,,,resolved
ZW-QC-2026-248,genomic_sequences,ZW-SEQ-2026-042,schema_insert,validity,schema,pass,info,Record satisfies every constraint in the DDL.,automated,2026-07-29T00:28:27+02:00,,,,,resolved
ZW-QC-2026-249,genomic_sequences,ZW-SEQ-2026-043,schema_insert,validity,schema,pass,info,Record satisfies every constraint in the DDL.,automated,2026-07-29T00:28:27+02:00,,,,,resolved
ZW-QC-2026-250,genomic_sequences,ZW-SEQ-2026-044,schema_insert,validity,schema,pass,info,Record satisfies every constraint in the DDL.,automated,2026-07-29T00:28:27+02:00,,,,,resolved
ZW-QC-2026-251,genomic_sequences,ZW-SEQ-2026-045,schema_insert,validity,schema,pass,info,Record satisfies every constraint in the DDL.,automated,2026-07-29T00:28:27+02:00,,,,,resolved
ZW-QC-2026-252,genomic_sequences,ZW-SEQ-2026-046,schema_insert,validity,schema,pass,info,Record satisfies every constraint in the DDL.,automated,2026-07-29T00:28:27+02:00,,,,,resolved
ZW-QC-2026-253,genomic_sequences,ZW-SEQ-2026-047,schema_insert,validity,schema,pass,info,Record satisfies every constraint in the DDL.,automated,2026-07-29T00:28:27+02:00,,,,,resolved
ZW-QC-2026-254,genomic_sequences,ZW-SEQ-2026-048,schema_insert,validity,schema,pass,info,Record satisfies every constraint in the DDL.,automated,2026-07-29T00:28:27+02:00,,,,,resolved
ZW-QC-2026-255,genomic_sequences,ZW-SEQ-2026-049,schema_insert,validity,schema,pass,info,Record satisfies every constraint in the DDL.,automated,2026-07-29T00:28:27+02:00,,,,,resolved
ZW-QC-2026-256,genomic_sequences,ZW-SEQ-2026-050,schema_insert,validity,schema,pass,info,Record satisfies every constraint in the DDL.,automated,2026-07-29T00:28:27+02:00,,,,,resolved
ZW-QC-2026-257,genomic_sequences,ZW-SEQ-2026-051,schema_insert,validity,schema,pass,info,Record satisfies every constraint in the DDL.,automated,2026-07-29T00:28:27+02:00,,,,,resolved
ZW-QC-2026-258,genomic_sequences,ZW-SEQ-2026-052,schema_insert,validity,schema,pass,info,Record satisfies every constraint in the DDL.,automated,2026-07-29T00:28:27+02:00,,,,,resolved
ZW-QC-2026-259,genomic_sequences,ZW-SEQ-2026-053,schema_insert,validity,schema,pass,info,Record satisfies every constraint in the DDL.,automated,2026-07-29T00:28:27+02:00,,,,,resolved
ZW-QC-2026-260,genomic_sequences,ZW-SEQ-2026-054,schema_insert,validity,schema,pass,info,Record satisfies every constraint in the DDL.,automated,2026-07-29T00:28:27+02:00,,,,,resolved
ZW-QC-2026-261,genomic_sequences,ZW-SEQ-2026-055,schema_insert,validity,schema,pass,info,Record satisfies every constraint in the DDL.,automated,2026-07-29T00:28:27+02:00,,,,,resolved
ZW-QC-2026-262,genomic_sequences,<batch:sequence_id>,critical_field_completeness,completeness,completeness,pass,info,sequence_id: 100.0% populated against a 95% threshold.,automated,2026-07-29T00:28:27+02:00,,,,,resolved
ZW-QC-2026-263,genomic_sequences,<batch:sample_id>,critical_field_completeness,completeness,completeness,pass,info,sample_id: 100.0% populated against a 95% threshold.,automated,2026-07-29T00:28:27+02:00,,,,,resolved
ZW-QC-2026-264,genomic_sequences,<batch:platform>,critical_field_completeness,completeness,completeness,pass,info,platform: 100.0% populated against a 95% threshold.,automated,2026-07-29T00:28:27+02:00,,,,,resolved
ZW-QC-2026-265,genomic_sequences,<batch:target_region>,critical_field_completeness,completeness,completeness,pass,info,target_region: 100.0% populated against a 95% threshold.,automated,2026-07-29T00:28:27+02:00,,,,,resolved
ZW-QC-2026-266,genomic_sequences,<batch:run_date>,critical_field_completeness,completeness,completeness,pass,info,run_date: 100.0% populated against a 95% threshold.,automated,2026-07-29T00:28:27+02:00,,,,,resolved
ZW-QC-2026-267,genomic_sequences,<batch:sequencing_lab>,critical_field_completeness,completeness,completeness,pass,info,sequencing_lab: 100.0% populated against a 95% threshold.,automated,2026-07-29T00:28:27+02:00,,,,,resolved
ZW-QC-2026-268,genomic_sequences,<batch:file_path_fasta>,critical_field_completeness,completeness,completeness,pass,info,file_path_fasta: 100.0% populated against a 95% threshold.,automated,2026-07-29T00:28:27+02:00,,,,,resolved
ZW-QC-2026-269,genomic_sequences,<batch:file_checksum_sha256>,critical_field_completeness,completeness,completeness,pass,info,file_checksum_sha256: 100.0% populated against a 95% threshold.,automated,2026-07-29T00:28:27+02:00,,,,,resolved
ZW-QC-2026-270,genomic_sequences,<batch>,identifier_format,consistency,controlled_vocab,pass,info,All 55 identifiers match ^ZW-SEQ-\d{4}-\d{3}$.,automated,2026-07-29T00:28:27+02:00,,,,,resolved
ZW-QC-2026-271,genomic_sequences,<batch>,primary_key_uniqueness,uniqueness,duplicate,pass,info,All 55 identifiers are unique within the batch.,automated,2026-07-29T00:28:27+02:00,,,,,resolved
ZW-QC-2026-272,genomic_sequences,ZW-SEQ-2026-001,checksum_format,integrity,checksum,pass,info,SHA-256 present and well formed.,automated,2026-07-29T00:28:27+02:00,,,,,resolved
ZW-QC-2026-273,genomic_sequences,ZW-SEQ-2026-002,checksum_format,integrity,checksum,pass,info,SHA-256 present and well formed.,automated,2026-07-29T00:28:27+02:00,,,,,resolved
ZW-QC-2026-274,genomic_sequences,ZW-SEQ-2026-003,checksum_format,integrity,checksum,pass,info,SHA-256 present and well formed.,automated,2026-07-29T00:28:27+02:00,,,,,resolved
ZW-QC-2026-275,genomic_sequences,ZW-SEQ-2026-004,checksum_format,integrity,checksum,pass,info,SHA-256 present and well formed.,automated,2026-07-29T00:28:27+02:00,,,,,resolved
ZW-QC-2026-276,genomic_sequences,ZW-SEQ-2026-005,checksum_format,integrity,checksum,pass,info,SHA-256 present and well formed.,automated,2026-07-29T00:28:27+02:00,,,,,resolved
ZW-QC-2026-277,genomic_sequences,ZW-SEQ-2026-006,checksum_format,integrity,checksum,pass,info,SHA-256 present and well formed.,automated,2026-07-29T00:28:27+02:00,,,,,resolved
ZW-QC-2026-278,genomic_sequences,ZW-SEQ-2026-007,checksum_format,integrity,checksum,pass,info,SHA-256 present and well formed.,automated,2026-07-29T00:28:27+02:00,,,,,resolved
ZW-QC-2026-279,genomic_sequences,ZW-SEQ-2026-008,checksum_format,integrity,checksum,pass,info,SHA-256 present and well formed.,automated,2026-07-29T00:28:27+02:00,,,,,resolved
ZW-QC-2026-280,genomic_sequences,ZW-SEQ-2026-009,checksum_format,integrity,checksum,pass,info,SHA-256 present and well formed.,automated,2026-07-29T00:28:27+02:00,,,,,resolved
ZW-QC-2026-281,genomic_sequences,ZW-SEQ-2026-010,checksum_format,integrity,checksum,pass,info,SHA-256 present and well formed.,automated,2026-07-29T00:28:27+02:00,,,,,resolved
ZW-QC-2026-282,genomic_sequences,ZW-SEQ-2026-011,checksum_format,integrity,checksum,pass,info,SHA-256 present and well formed.,automated,2026-07-29T00:28:27+02:00,,,,,resolved
ZW-QC-2026-283,genomic_sequences,ZW-SEQ-2026-012,checksum_format,integrity,checksum,pass,info,SHA-256 present and well formed.,automated,2026-07-29T00:28:27+02:00,,,,,resolved
ZW-QC-2026-284,genomic_sequences,ZW-SEQ-2026-013,checksum_format,integrity,checksum,pass,info,SHA-256 present and well formed.,automated,2026-07-29T00:28:27+02:00,,,,,resolved
ZW-QC-2026-285,genomic_sequences,ZW-SEQ-2026-014,checksum_format,integrity,checksum,pass,info,SHA-256 present and well formed.,automated,2026-07-29T00:28:27+02:00,,,,,resolved
ZW-QC-2026-286,genomic_sequences,ZW-SEQ-2026-015,checksum_format,integrity,checksum,pass,info,SHA-256 present and well formed.,automated,2026-07-29T00:28:27+02:00,,,,,resolved
ZW-QC-2026-287,genomic_sequences,ZW-SEQ-2026-016,checksum_format,integrity,checksum,pass,info,SHA-256 present and well formed.,automated,2026-07-29T00:28:27+02:00,,,,,resolved
ZW-QC-2026-288,genomic_sequences,ZW-SEQ-2026-017,checksum_format,integrity,checksum,pass,info,SHA-256 present and well formed.,automated,2026-07-29T00:28:27+02:00,,,,,resolved
ZW-QC-2026-289,genomic_sequences,ZW-SEQ-2026-018,checksum_format,integrity,checksum,pass,info,SHA-256 present and well formed.,automated,2026-07-29T00:28:27+02:00,,,,,resolved
ZW-QC-2026-290,genomic_sequences,ZW-SEQ-2026-019,checksum_format,integrity,checksum,pass,info,SHA-256 present and well formed.,automated,2026-07-29T00:28:27+02:00,,,,,resolved
ZW-QC-2026-291,genomic_sequences,ZW-SEQ-2026-020,checksum_format,integrity,checksum,pass,info,SHA-256 present and well formed.,automated,2026-07-29T00:28:27+02:00,,,,,resolved
ZW-QC-2026-292,genomic_sequences,ZW-SEQ-2026-021,checksum_format,integrity,checksum,pass,info,SHA-256 present and well formed.,automated,2026-07-29T00:28:27+02:00,,,,,resolved
ZW-QC-2026-293,genomic_sequences,ZW-SEQ-2026-022,checksum_format,integrity,checksum,pass,info,SHA-256 present and well formed.,automated,2026-07-29T00:28:27+02:00,,,,,resolved
ZW-QC-2026-294,genomic_sequences,ZW-SEQ-2026-023,checksum_format,integrity,checksum,pass,info,SHA-256 present and well formed.,automated,2026-07-29T00:28:27+02:00,,,,,resolved
ZW-QC-2026-295,genomic_sequences,ZW-SEQ-2026-024,checksum_format,integrity,checksum,pass,info,SHA-256 present and well formed.,automated,2026-07-29T00:28:27+02:00,,,,,resolved
ZW-QC-2026-296,genomic_sequences,ZW-SEQ-2026-025,checksum_format,integrity,checksum,pass,info,SHA-256 present and well formed.,automated,2026-07-29T00:28:27+02:00,,,,,resolved
ZW-QC-2026-297,genomic_sequences,ZW-SEQ-2026-026,checksum_format,integrity,checksum,pass,info,SHA-256 present and well formed.,automated,2026-07-29T00:28:27+02:00,,,,,resolved
ZW-QC-2026-298,genomic_sequences,ZW-SEQ-2026-027,checksum_format,integrity,checksum,pass,info,SHA-256 present and well formed.,automated,2026-07-29T00:28:27+02:00,,,,,resolved
ZW-QC-2026-299,genomic_sequences,ZW-SEQ-2026-028,checksum_format,integrity,checksum,pass,info,SHA-256 present and well formed.,automated,2026-07-29T00:28:27+02:00,,,,,resolved
ZW-QC-2026-300,genomic_sequences,ZW-SEQ-2026-029,checksum_format,integrity,checksum,pass,info,SHA-256 present and well formed.,automated,2026-07-29T00:28:27+02:00,,,,,resolved
ZW-QC-2026-301,genomic_sequences,ZW-SEQ-2026-030,checksum_format,integrity,checksum,pass,info,SHA-256 present and well formed.,automated,2026-07-29T00:28:27+02:00,,,,,resolved
ZW-QC-2026-302,genomic_sequences,ZW-SEQ-2026-031,checksum_format,integrity,checksum,pass,info,SHA-256 present and well formed.,automated,2026-07-29T00:28:27+02:00,,,,,resolved
ZW-QC-2026-303,genomic_sequences,ZW-SEQ-2026-032,checksum_format,integrity,checksum,pass,info,SHA-256 present and well formed.,automated,2026-07-29T00:28:27+02:00,,,,,resolved
ZW-QC-2026-304,genomic_sequences,ZW-SEQ-2026-033,checksum_format,integrity,checksum,pass,info,SHA-256 present and well formed.,automated,2026-07-29T00:28:27+02:00,,,,,resolved
ZW-QC-2026-305,genomic_sequences,ZW-SEQ-2026-034,checksum_format,integrity,checksum,pass,info,SHA-256 present and well formed.,automated,2026-07-29T00:28:27+02:00,,,,,resolved
ZW-QC-2026-306,genomic_sequences,ZW-SEQ-2026-035,checksum_format,integrity,checksum,pass,info,SHA-256 present and well formed.,automated,2026-07-29T00:28:27+02:00,,,,,resolved
ZW-QC-2026-307,genomic_sequences,ZW-SEQ-2026-036,checksum_format,integrity,checksum,pass,info,SHA-256 present and well formed.,automated,2026-07-29T00:28:27+02:00,,,,,resolved
ZW-QC-2026-308,genomic_sequences,ZW-SEQ-2026-037,checksum_format,integrity,checksum,pass,info,SHA-256 present and well formed.,automated,2026-07-29T00:28:27+02:00,,,,,resolved
ZW-QC-2026-309,genomic_sequences,ZW-SEQ-2026-038,checksum_format,integrity,checksum,pass,info,SHA-256 present and well formed.,automated,2026-07-29T00:28:27+02:00,,,,,resolved
ZW-QC-2026-310,genomic_sequences,ZW-SEQ-2026-039,checksum_format,integrity,checksum,pass,info,SHA-256 present and well formed.,automated,2026-07-29T00:28:27+02:00,,,,,resolved
ZW-QC-2026-311,genomic_sequences,ZW-SEQ-2026-040,checksum_format,integrity,checksum,pass,info,SHA-256 present and well formed.,automated,2026-07-29T00:28:27+02:00,,,,,resolved
ZW-QC-2026-312,genomic_sequences,ZW-SEQ-2026-041,checksum_format,integrity,checksum,pass,info,SHA-256 present and well formed.,automated,2026-07-29T00:28:27+02:00,,,,,resolved
ZW-QC-2026-313,genomic_sequences,ZW-SEQ-2026-042,checksum_format,integrity,checksum,pass,info,SHA-256 present and well formed.,automated,2026-07-29T00:28:27+02:00,,,,,resolved
ZW-QC-2026-314,genomic_sequences,ZW-SEQ-2026-043,checksum_format,integrity,checksum,pass,info,SHA-256 present and well formed.,automated,2026-07-29T00:28:27+02:00,,,,,resolved
ZW-QC-2026-315,genomic_sequences,ZW-SEQ-2026-044,checksum_format,integrity,checksum,pass,info,SHA-256 present and well formed.,automated,2026-07-29T00:28:27+02:00,,,,,resolved
ZW-QC-2026-316,genomic_sequences,ZW-SEQ-2026-045,checksum_format,integrity,checksum,pass,info,SHA-256 present and well formed.,automated,2026-07-29T00:28:27+02:00,,,,,resolved
ZW-QC-2026-317,genomic_sequences,ZW-SEQ-2026-046,checksum_format,integrity,checksum,pass,info,SHA-256 present and well formed.,automated,2026-07-29T00:28:27+02:00,,,,,resolved
ZW-QC-2026-318,genomic_sequences,ZW-SEQ-2026-047,checksum_format,integrity,checksum,pass,info,SHA-256 present and well formed.,automated,2026-07-29T00:28:27+02:00,,,,,resolved
ZW-QC-2026-319,genomic_sequences,ZW-SEQ-2026-048,checksum_format,integrity,checksum,pass,info,SHA-256 present and well formed.,automated,2026-07-29T00:28:27+02:00,,,,,resolved
ZW-QC-2026-320,genomic_sequences,ZW-SEQ-2026-049,checksum_format,integrity,checksum,pass,info,SHA-256 present and well formed.,automated,2026-07-29T00:28:27+02:00,,,,,resolved
ZW-QC-2026-321,genomic_sequences,ZW-SEQ-2026-050,checksum_format,integrity,checksum,pass,info,SHA-256 present and well formed.,automated,2026-07-29T00:28:27+02:00,,,,,resolved
ZW-QC-2026-322,genomic_sequences,ZW-SEQ-2026-051,checksum_format,integrity,checksum,pass,info,SHA-256 present and well formed.,automated,2026-07-29T00:28:27+02:00,,,,,resolved
ZW-QC-2026-323,genomic_sequences,ZW-SEQ-2026-052,checksum_format,integrity,checksum,pass,info,SHA-256 present and well formed.,automated,2026-07-29T00:28:27+02:00,,,,,resolved
ZW-QC-2026-324,genomic_sequences,ZW-SEQ-2026-053,checksum_format,integrity,checksum,pass,info,SHA-256 present and well formed.,automated,2026-07-29T00:28:27+02:00,,,,,resolved
ZW-QC-2026-325,genomic_sequences,ZW-SEQ-2026-054,checksum_format,integrity,checksum,pass,info,SHA-256 present and well formed.,automated,2026-07-29T00:28:27+02:00,,,,,resolved
ZW-QC-2026-326,genomic_sequences,ZW-SEQ-2026-055,checksum_format,integrity,checksum,pass,info,SHA-256 present and well formed.,automated,2026-07-29T00:28:27+02:00,,,,,resolved
ZW-QC-2026-327,metabolomic_profiles,ZW-MET-2026-001,schema_insert,validity,schema,pass,info,Record satisfies every constraint in the DDL.,automated,2026-07-29T00:28:27+02:00,,,,,resolved
ZW-QC-2026-328,metabolomic_profiles,ZW-MET-2026-002,schema_insert,validity,schema,pass,info,Record satisfies every constraint in the DDL.,automated,2026-07-29T00:28:27+02:00,,,,,resolved
ZW-QC-2026-329,metabolomic_profiles,ZW-MET-2026-003,schema_insert,validity,schema,pass,info,Record satisfies every constraint in the DDL.,automated,2026-07-29T00:28:27+02:00,,,,,resolved
ZW-QC-2026-330,metabolomic_profiles,ZW-MET-2026-004,schema_insert,validity,schema,pass,info,Record satisfies every constraint in the DDL.,automated,2026-07-29T00:28:27+02:00,,,,,resolved
ZW-QC-2026-331,metabolomic_profiles,ZW-MET-2026-005,schema_insert,validity,schema,pass,info,Record satisfies every constraint in the DDL.,automated,2026-07-29T00:28:27+02:00,,,,,resolved
ZW-QC-2026-332,metabolomic_profiles,ZW-MET-2026-006,schema_insert,validity,schema,pass,info,Record satisfies every constraint in the DDL.,automated,2026-07-29T00:28:27+02:00,,,,,resolved
ZW-QC-2026-333,metabolomic_profiles,ZW-MET-2026-007,schema_insert,validity,schema,pass,info,Record satisfies every constraint in the DDL.,automated,2026-07-29T00:28:27+02:00,,,,,resolved
ZW-QC-2026-334,metabolomic_profiles,ZW-MET-2026-008,schema_insert,validity,schema,pass,info,Record satisfies every constraint in the DDL.,automated,2026-07-29T00:28:27+02:00,,,,,resolved
ZW-QC-2026-335,metabolomic_profiles,ZW-MET-2026-009,schema_insert,validity,schema,pass,info,Record satisfies every constraint in the DDL.,automated,2026-07-29T00:28:27+02:00,,,,,resolved
ZW-QC-2026-336,metabolomic_profiles,ZW-MET-2026-010,schema_insert,validity,schema,pass,info,Record satisfies every constraint in the DDL.,automated,2026-07-29T00:28:27+02:00,,,,,resolved
ZW-QC-2026-337,metabolomic_profiles,ZW-MET-2026-011,schema_insert,validity,schema,pass,info,Record satisfies every constraint in the DDL.,automated,2026-07-29T00:28:27+02:00,,,,,resolved
ZW-QC-2026-338,metabolomic_profiles,ZW-MET-2026-012,schema_insert,validity,schema,pass,info,Record satisfies every constraint in the DDL.,automated,2026-07-29T00:28:27+02:00,,,,,resolved
ZW-QC-2026-339,metabolomic_profiles,ZW-MET-2026-013,schema_insert,validity,schema,pass,info,Record satisfies every constraint in the DDL.,automated,2026-07-29T00:28:27+02:00,,,,,resolved
ZW-QC-2026-340,metabolomic_profiles,ZW-MET-2026-014,schema_insert,validity,schema,pass,info,Record satisfies every constraint in the DDL.,automated,2026-07-29T00:28:27+02:00,,,,,resolved
ZW-QC-2026-341,metabolomic_profiles,ZW-MET-2026-015,schema_insert,validity,schema,pass,info,Record satisfies every constraint in the DDL.,automated,2026-07-29T00:28:27+02:00,,,,,resolved
ZW-QC-2026-342,metabolomic_profiles,ZW-MET-2026-016,schema_insert,validity,schema,pass,info,Record satisfies every constraint in the DDL.,automated,2026-07-29T00:28:27+02:00,,,,,resolved
ZW-QC-2026-343,metabolomic_profiles,ZW-MET-2026-017,schema_insert,validity,schema,pass,info,Record satisfies every constraint in the DDL.,automated,2026-07-29T00:28:27+02:00,,,,,resolved
ZW-QC-2026-344,metabolomic_profiles,ZW-MET-2026-018,schema_insert,validity,schema,pass,info,Record satisfies every constraint in the DDL.,automated,2026-07-29T00:28:27+02:00,,,,,resolved
ZW-QC-2026-345,metabolomic_profiles,ZW-MET-2026-019,schema_insert,validity,schema,pass,info,Record satisfies every constraint in the DDL.,automated,2026-07-29T00:28:27+02:00,,,,,resolved
ZW-QC-2026-346,metabolomic_profiles,ZW-MET-2026-020,schema_insert,validity,schema,pass,info,Record satisfies every constraint in the DDL.,automated,2026-07-29T00:28:27+02:00,,,,,resolved
ZW-QC-2026-347,metabolomic_profiles,ZW-MET-2026-021,schema_insert,validity,schema,pass,info,Record satisfies every constraint in the DDL.,automated,2026-07-29T00:28:27+02:00,,,,,resolved
ZW-QC-2026-348,metabolomic_profiles,ZW-MET-2026-022,schema_insert,validity,schema,pass,info,Record satisfies every constraint in the DDL.,automated,2026-07-29T00:28:27+02:00,,,,,resolved
ZW-QC-2026-349,metabolomic_profiles,ZW-MET-2026-023,schema_insert,validity,schema,pass,info,Record satisfies every constraint in the DDL.,automated,2026-07-29T00:28:27+02:00,,,,,resolved
ZW-QC-2026-350,metabolomic_profiles,ZW-MET-2026-024,schema_insert,validity,schema,pass,info,Record satisfies every constraint in the DDL.,automated,2026-07-29T00:28:27+02:00,,,,,resolved
ZW-QC-2026-351,metabolomic_profiles,ZW-MET-2026-025,schema_insert,validity,schema,pass,info,Record satisfies every constraint in the DDL.,automated,2026-07-29T00:28:27+02:00,,,,,resolved
ZW-QC-2026-352,metabolomic_profiles,ZW-MET-2026-026,schema_insert,validity,schema,pass,info,Record satisfies every constraint in the DDL.,automated,2026-07-29T00:28:27+02:00,,,,,resolved
ZW-QC-2026-353,metabolomic_profiles,ZW-MET-2026-027,schema_insert,validity,schema,pass,info,Record satisfies every constraint in the DDL.,automated,2026-07-29T00:28:27+02:00,,,,,resolved
ZW-QC-2026-354,metabolomic_profiles,ZW-MET-2026-028,schema_insert,validity,schema,pass,info,Record satisfies every constraint in the DDL.,automated,2026-07-29T00:28:27+02:00,,,,,resolved
ZW-QC-2026-355,metabolomic_profiles,ZW-MET-2026-029,schema_insert,validity,schema,pass,info,Record satisfies every constraint in the DDL.,automated,2026-07-29T00:28:27+02:00,,,,,resolved
ZW-QC-2026-356,metabolomic_profiles,ZW-MET-2026-030,schema_insert,validity,schema,pass,info,Record satisfies every constraint in the DDL.,automated,2026-07-29T00:28:27+02:00,,,,,resolved
ZW-QC-2026-357,metabolomic_profiles,ZW-MET-2026-031,schema_insert,validity,schema,pass,info,Record satisfies every constraint in the DDL.,automated,2026-07-29T00:28:27+02:00,,,,,resolved
ZW-QC-2026-358,metabolomic_profiles,ZW-MET-2026-032,schema_insert,validity,schema,pass,info,Record satisfies every constraint in the DDL.,automated,2026-07-29T00:28:27+02:00,,,,,resolved
ZW-QC-2026-359,metabolomic_profiles,ZW-MET-2026-033,schema_insert,validity,schema,pass,info,Record satisfies every constraint in the DDL.,automated,2026-07-29T00:28:27+02:00,,,,,resolved
ZW-QC-2026-360,metabolomic_profiles,ZW-MET-2026-034,schema_insert,validity,schema,pass,info,Record satisfies every constraint in the DDL.,automated,2026-07-29T00:28:27+02:00,,,,,resolved
ZW-QC-2026-361,metabolomic_profiles,ZW-MET-2026-035,schema_insert,validity,schema,pass,info,Record satisfies every constraint in the DDL.,automated,2026-07-29T00:28:27+02:00,,,,,resolved
ZW-QC-2026-362,metabolomic_profiles,ZW-MET-2026-036,schema_insert,validity,schema,pass,info,Record satisfies every constraint in the DDL.,automated,2026-07-29T00:28:27+02:00,,,,,resolved
ZW-QC-2026-363,metabolomic_profiles,ZW-MET-2026-037,schema_insert,validity,schema,pass,info,Record satisfies every constraint in the DDL.,automated,2026-07-29T00:28:27+02:00,,,,,resolved
ZW-QC-2026-364,metabolomic_profiles,ZW-MET-2026-038,schema_insert,validity,schema,pass,info,Record satisfies every constraint in the DDL.,automated,2026-07-29T00:28:27+02:00,,,,,resolved
ZW-QC-2026-365,metabolomic_profiles,ZW-MET-2026-039,schema_insert,validity,schema,pass,info,Record satisfies every constraint in the DDL.,automated,2026-07-29T00:28:27+02:00,,,,,resolved
ZW-QC-2026-366,metabolomic_profiles,ZW-MET-2026-040,schema_insert,validity,schema,pass,info,Record satisfies every constraint in the DDL.,automated,2026-07-29T00:28:27+02:00,,,,,resolved
ZW-QC-2026-367,metabolomic_profiles,ZW-MET-2026-041,schema_insert,validity,schema,pass,info,Record satisfies every constraint in the DDL.,automated,2026-07-29T00:28:27+02:00,,,,,resolved
ZW-QC-2026-368,metabolomic_profiles,ZW-MET-2026-042,schema_insert,validity,schema,pass,info,Record satisfies every constraint in the DDL.,automated,2026-07-29T00:28:27+02:00,,,,,resolved
ZW-QC-2026-369,metabolomic_profiles,ZW-MET-2026-043,schema_insert,validity,schema,pass,info,Record satisfies every constraint in the DDL.,automated,2026-07-29T00:28:27+02:00,,,,,resolved
ZW-QC-2026-370,metabolomic_profiles,ZW-MET-2026-044,schema_insert,validity,schema,pass,info,Record satisfies every constraint in the DDL.,automated,2026-07-29T00:28:27+02:00,,,,,resolved
ZW-QC-2026-371,metabolomic_profiles,ZW-MET-2026-045,schema_insert,validity,schema,pass,info,Record satisfies every constraint in the DDL.,automated,2026-07-29T00:28:27+02:00,,,,,resolved
ZW-QC-2026-372,metabolomic_profiles,ZW-MET-2026-046,schema_insert,validity,schema,pass,info,Record satisfies every constraint in the DDL.,automated,2026-07-29T00:28:27+02:00,,,,,resolved
ZW-QC-2026-373,metabolomic_profiles,ZW-MET-2026-047,schema_insert,validity,schema,pass,info,Record satisfies every constraint in the DDL.,automated,2026-07-29T00:28:27+02:00,,,,,resolved
ZW-QC-2026-374,metabolomic_profiles,ZW-MET-2026-048,schema_insert,validity,schema,pass,info,Record satisfies every constraint in the DDL.,automated,2026-07-29T00:28:27+02:00,,,,,resolved
ZW-QC-2026-375,metabolomic_profiles,ZW-MET-2026-049,schema_insert,validity,schema,pass,info,Record satisfies every constraint in the DDL.,automated,2026-07-29T00:28:27+02:00,,,,,resolved
ZW-QC-2026-376,metabolomic_profiles,ZW-MET-2026-050,schema_insert,validity,schema,pass,info,Record satisfies every constraint in the DDL.,automated,2026-07-29T00:28:27+02:00,,,,,resolved
ZW-QC-2026-377,metabolomic_profiles,ZW-MET-2026-051,schema_insert,validity,schema,pass,info,Record satisfies every constraint in the DDL.,automated,2026-07-29T00:28:27+02:00,,,,,resolved
ZW-QC-2026-378,metabolomic_profiles,ZW-MET-2026-052,schema_insert,validity,schema,pass,info,Record satisfies every constraint in the DDL.,automated,2026-07-29T00:28:27+02:00,,,,,resolved
ZW-QC-2026-379,metabolomic_profiles,ZW-MET-2026-053,schema_insert,validity,schema,pass,info,Record satisfies every constraint in the DDL.,automated,2026-07-29T00:28:27+02:00,,,,,resolved
ZW-QC-2026-380,metabolomic_profiles,ZW-MET-2026-054,schema_insert,validity,schema,pass,info,Record satisfies every constraint in the DDL.,automated,2026-07-29T00:28:27+02:00,,,,,resolved
ZW-QC-2026-381,metabolomic_profiles,ZW-MET-2026-055,schema_insert,validity,schema,pass,info,Record satisfies every constraint in the DDL.,automated,2026-07-29T00:28:27+02:00,,,,,resolved
ZW-QC-2026-382,metabolomic_profiles,ZW-MET-2026-056,schema_insert,validity,schema,pass,info,Record satisfies every constraint in the DDL.,automated,2026-07-29T00:28:27+02:00,,,,,resolved
ZW-QC-2026-383,metabolomic_profiles,ZW-MET-2026-057,schema_insert,validity,schema,pass,info,Record satisfies every constraint in the DDL.,automated,2026-07-29T00:28:27+02:00,,,,,resolved
ZW-QC-2026-384,metabolomic_profiles,ZW-MET-2026-058,schema_insert,validity,schema,pass,info,Record satisfies every constraint in the DDL.,automated,2026-07-29T00:28:27+02:00,,,,,resolved
ZW-QC-2026-385,metabolomic_profiles,ZW-MET-2026-059,schema_insert,validity,schema,pass,info,Record satisfies every constraint in the DDL.,automated,2026-07-29T00:28:27+02:00,,,,,resolved
ZW-QC-2026-386,metabolomic_profiles,ZW-MET-2026-060,schema_insert,validity,schema,pass,info,Record satisfies every constraint in the DDL.,automated,2026-07-29T00:28:27+02:00,,,,,resolved
ZW-QC-2026-387,metabolomic_profiles,ZW-MET-2026-061,schema_insert,validity,schema,pass,info,Record satisfies every constraint in the DDL.,automated,2026-07-29T00:28:27+02:00,,,,,resolved
ZW-QC-2026-388,metabolomic_profiles,ZW-MET-2026-062,schema_insert,validity,schema,pass,info,Record satisfies every constraint in the DDL.,automated,2026-07-29T00:28:27+02:00,,,,,resolved
ZW-QC-2026-389,metabolomic_profiles,ZW-MET-2026-063,schema_insert,validity,schema,pass,info,Record satisfies every constraint in the DDL.,automated,2026-07-29T00:28:27+02:00,,,,,resolved
ZW-QC-2026-390,metabolomic_profiles,ZW-MET-2026-064,schema_insert,validity,schema,pass,info,Record satisfies every constraint in the DDL.,automated,2026-07-29T00:28:27+02:00,,,,,resolved
ZW-QC-2026-391,metabolomic_profiles,ZW-MET-2026-065,schema_insert,validity,schema,pass,info,Record satisfies every constraint in the DDL.,automated,2026-07-29T00:28:27+02:00,,,,,resolved
ZW-QC-2026-392,metabolomic_profiles,ZW-MET-2026-066,schema_insert,validity,schema,pass,info,Record satisfies every constraint in the DDL.,automated,2026-07-29T00:28:27+02:00,,,,,resolved
ZW-QC-2026-393,metabolomic_profiles,ZW-MET-2026-067,schema_insert,validity,schema,pass,info,Record satisfies every constraint in the DDL.,automated,2026-07-29T00:28:27+02:00,,,,,resolved
ZW-QC-2026-394,metabolomic_profiles,ZW-MET-2026-068,schema_insert,validity,schema,pass,info,Record satisfies every constraint in the DDL.,automated,2026-07-29T00:28:27+02:00,,,,,resolved
ZW-QC-2026-395,metabolomic_profiles,ZW-MET-2026-069,schema_insert,validity,schema,pass,info,Record satisfies every constraint in the DDL.,automated,2026-07-29T00:28:27+02:00,,,,,resolved
ZW-QC-2026-396,metabolomic_profiles,ZW-MET-2026-070,schema_insert,validity,schema,pass,info,Record satisfies every constraint in the DDL.,automated,2026-07-29T00:28:27+02:00,,,,,resolved
ZW-QC-2026-397,metabolomic_profiles,ZW-MET-2026-071,schema_insert,validity,schema,pass,info,Record satisfies every constraint in the DDL.,automated,2026-07-29T00:28:27+02:00,,,,,resolved
ZW-QC-2026-398,metabolomic_profiles,ZW-MET-2026-072,schema_insert,validity,schema,pass,info,Record satisfies every constraint in the DDL.,automated,2026-07-29T00:28:27+02:00,,,,,resolved
ZW-QC-2026-399,metabolomic_profiles,ZW-MET-2026-073,schema_insert,validity,schema,pass,info,Record satisfies every constraint in the DDL.,automated,2026-07-29T00:28:27+02:00,,,,,resolved
ZW-QC-2026-400,metabolomic_profiles,ZW-MET-2026-074,schema_insert,validity,schema,pass,info,Record satisfies every constraint in the DDL.,automated,2026-07-29T00:28:27+02:00,,,,,resolved
ZW-QC-2026-401,metabolomic_profiles,ZW-MET-2026-075,schema_insert,validity,schema,pass,info,Record satisfies every constraint in the DDL.,automated,2026-07-29T00:28:27+02:00,,,,,resolved
ZW-QC-2026-402,metabolomic_profiles,ZW-MET-2026-076,schema_insert,validity,schema,pass,info,Record satisfies every constraint in the DDL.,automated,2026-07-29T00:28:27+02:00,,,,,resolved
ZW-QC-2026-403,metabolomic_profiles,ZW-MET-2026-077,schema_insert,validity,schema,pass,info,Record satisfies every constraint in the DDL.,automated,2026-07-29T00:28:27+02:00,,,,,resolved
ZW-QC-2026-404,metabolomic_profiles,ZW-MET-2026-078,schema_insert,validity,schema,pass,info,Record satisfies every constraint in the DDL.,automated,2026-07-29T00:28:27+02:00,,,,,resolved
ZW-QC-2026-405,metabolomic_profiles,ZW-MET-2026-079,schema_insert,validity,schema,pass,info,Record satisfies every constraint in the DDL.,automated,2026-07-29T00:28:27+02:00,,,,,resolved
ZW-QC-2026-406,metabolomic_profiles,ZW-MET-2026-080,schema_insert,validity,schema,pass,info,Record satisfies every constraint in the DDL.,automated,2026-07-29T00:28:27+02:00,,,,,resolved
ZW-QC-2026-407,metabolomic_profiles,ZW-MET-2026-081,schema_insert,validity,schema,pass,info,Record satisfies every constraint in the DDL.,automated,2026-07-29T00:28:27+02:00,,,,,resolved
ZW-QC-2026-408,metabolomic_profiles,ZW-MET-2026-082,schema_insert,validity,schema,pass,info,Record satisfies every constraint in the DDL.,automated,2026-07-29T00:28:27+02:00,,,,,resolved
ZW-QC-2026-409,metabolomic_profiles,ZW-MET-2026-083,schema_insert,validity,schema,pass,info,Record satisfies every constraint in the DDL.,automated,2026-07-29T00:28:27+02:00,,,,,resolved
ZW-QC-2026-410,metabolomic_profiles,ZW-MET-2026-084,schema_insert,validity,schema,pass,info,Record satisfies every constraint in the DDL.,automated,2026-07-29T00:28:27+02:00,,,,,resolved
ZW-QC-2026-411,metabolomic_profiles,ZW-MET-2026-085,schema_insert,validity,schema,pass,info,Record satisfies every constraint in the DDL.,automated,2026-07-29T00:28:27+02:00,,,,,resolved
ZW-QC-2026-412,metabolomic_profiles,ZW-MET-2026-086,schema_insert,validity,schema,pass,info,Record satisfies every constraint in the DDL.,automated,2026-07-29T00:28:27+02:00,,,,,resolved
ZW-QC-2026-413,metabolomic_profiles,ZW-MET-2026-087,schema_insert,validity,schema,pass,info,Record satisfies every constraint in the DDL.,automated,2026-07-29T00:28:27+02:00,,,,,resolved
ZW-QC-2026-414,metabolomic_profiles,ZW-MET-2026-088,schema_insert,validity,schema,pass,info,Record satisfies every constraint in the DDL.,automated,2026-07-29T00:28:27+02:00,,,,,resolved
ZW-QC-2026-415,metabolomic_profiles,ZW-MET-2026-089,schema_insert,validity,schema,pass,info,Record satisfies every constraint in the DDL.,automated,2026-07-29T00:28:27+02:00,,,,,resolved
ZW-QC-2026-416,metabolomic_profiles,ZW-MET-2026-090,schema_insert,validity,schema,pass,info,Record satisfies every constraint in the DDL.,automated,2026-07-29T00:28:27+02:00,,,,,resolved
ZW-QC-2026-417,metabolomic_profiles,<batch:metabolite_id>,critical_field_completeness,completeness,completeness,pass,info,metabolite_id: 100.0% populated against a 95% threshold.,automated,2026-07-29T00:28:27+02:00,,,,,resolved
ZW-QC-2026-418,metabolomic_profiles,<batch:sample_id>,critical_field_completeness,completeness,completeness,pass,info,sample_id: 100.0% populated against a 95% threshold.,automated,2026-07-29T00:28:27+02:00,,,,,resolved
ZW-QC-2026-419,metabolomic_profiles,<batch:extract_id>,critical_field_completeness,completeness,completeness,pass,info,extract_id: 100.0% populated against a 95% threshold.,automated,2026-07-29T00:28:27+02:00,,,,,resolved
ZW-QC-2026-420,metabolomic_profiles,<batch:extraction_solvent>,critical_field_completeness,completeness,completeness,pass,info,extraction_solvent: 100.0% populated against a 95% threshold.,automated,2026-07-29T00:28:27+02:00,,,,,resolved
ZW-QC-2026-421,metabolomic_profiles,<batch:instrument>,critical_field_completeness,completeness,completeness,pass,info,instrument: 100.0% populated against a 95% threshold.,automated,2026-07-29T00:28:27+02:00,,,,,resolved
ZW-QC-2026-422,metabolomic_profiles,<batch:ionization_mode>,critical_field_completeness,completeness,completeness,pass,info,ionization_mode: 100.0% populated against a 95% threshold.,automated,2026-07-29T00:28:27+02:00,,,,,resolved
ZW-QC-2026-423,metabolomic_profiles,<batch:mz_measured>,critical_field_completeness,completeness,completeness,pass,info,mz_measured: 100.0% populated against a 95% threshold.,automated,2026-07-29T00:28:27+02:00,,,,,resolved
ZW-QC-2026-424,metabolomic_profiles,<batch:file_path_mzml>,critical_field_completeness,completeness,completeness,pass,info,file_path_mzml: 100.0% populated against a 95% threshold.,automated,2026-07-29T00:28:27+02:00,,,,,resolved
ZW-QC-2026-425,metabolomic_profiles,<batch:file_checksum_sha256>,critical_field_completeness,completeness,completeness,pass,info,file_checksum_sha256: 100.0% populated against a 95% threshold.,automated,2026-07-29T00:28:27+02:00,,,,,resolved
ZW-QC-2026-426,metabolomic_profiles,<batch>,identifier_format,consistency,controlled_vocab,pass,info,All 90 identifiers match ^ZW-MET-\d{4}-\d{3}$.,automated,2026-07-29T00:28:27+02:00,,,,,resolved
ZW-QC-2026-427,metabolomic_profiles,<batch>,primary_key_uniqueness,uniqueness,duplicate,pass,info,All 90 identifiers are unique within the batch.,automated,2026-07-29T00:28:27+02:00,,,,,resolved
ZW-QC-2026-428,metabolomic_profiles,ZW-MET-2026-001,checksum_format,integrity,checksum,pass,info,SHA-256 present and well formed.,automated,2026-07-29T00:28:27+02:00,,,,,resolved
ZW-QC-2026-429,metabolomic_profiles,ZW-MET-2026-002,checksum_format,integrity,checksum,pass,info,SHA-256 present and well formed.,automated,2026-07-29T00:28:27+02:00,,,,,resolved
ZW-QC-2026-430,metabolomic_profiles,ZW-MET-2026-003,checksum_format,integrity,checksum,pass,info,SHA-256 present and well formed.,automated,2026-07-29T00:28:27+02:00,,,,,resolved
ZW-QC-2026-431,metabolomic_profiles,ZW-MET-2026-004,checksum_format,integrity,checksum,pass,info,SHA-256 present and well formed.,automated,2026-07-29T00:28:27+02:00,,,,,resolved
ZW-QC-2026-432,metabolomic_profiles,ZW-MET-2026-005,checksum_format,integrity,checksum,pass,info,SHA-256 present and well formed.,automated,2026-07-29T00:28:27+02:00,,,,,resolved
ZW-QC-2026-433,metabolomic_profiles,ZW-MET-2026-006,checksum_format,integrity,checksum,pass,info,SHA-256 present and well formed.,automated,2026-07-29T00:28:27+02:00,,,,,resolved
ZW-QC-2026-434,metabolomic_profiles,ZW-MET-2026-007,checksum_format,integrity,checksum,pass,info,SHA-256 present and well formed.,automated,2026-07-29T00:28:27+02:00,,,,,resolved
ZW-QC-2026-435,metabolomic_profiles,ZW-MET-2026-008,checksum_format,integrity,checksum,pass,info,SHA-256 present and well formed.,automated,2026-07-29T00:28:27+02:00,,,,,resolved
ZW-QC-2026-436,metabolomic_profiles,ZW-MET-2026-009,checksum_format,integrity,checksum,pass,info,SHA-256 present and well formed.,automated,2026-07-29T00:28:27+02:00,,,,,resolved
ZW-QC-2026-437,metabolomic_profiles,ZW-MET-2026-010,checksum_format,integrity,checksum,pass,info,SHA-256 present and well formed.,automated,2026-07-29T00:28:27+02:00,,,,,resolved
ZW-QC-2026-438,metabolomic_profiles,ZW-MET-2026-011,checksum_format,integrity,checksum,pass,info,SHA-256 present and well formed.,automated,2026-07-29T00:28:27+02:00,,,,,resolved
ZW-QC-2026-439,metabolomic_profiles,ZW-MET-2026-012,checksum_format,integrity,checksum,pass,info,SHA-256 present and well formed.,automated,2026-07-29T00:28:27+02:00,,,,,resolved
ZW-QC-2026-440,metabolomic_profiles,ZW-MET-2026-013,checksum_format,integrity,checksum,pass,info,SHA-256 present and well formed.,automated,2026-07-29T00:28:27+02:00,,,,,resolved
ZW-QC-2026-441,metabolomic_profiles,ZW-MET-2026-014,checksum_format,integrity,checksum,pass,info,SHA-256 present and well formed.,automated,2026-07-29T00:28:27+02:00,,,,,resolved
ZW-QC-2026-442,metabolomic_profiles,ZW-MET-2026-015,checksum_format,integrity,checksum,pass,info,SHA-256 present and well formed.,automated,2026-07-29T00:28:27+02:00,,,,,resolved
ZW-QC-2026-443,metabolomic_profiles,ZW-MET-2026-016,checksum_format,integrity,checksum,pass,info,SHA-256 present and well formed.,automated,2026-07-29T00:28:27+02:00,,,,,resolved
ZW-QC-2026-444,metabolomic_profiles,ZW-MET-2026-017,checksum_format,integrity,checksum,pass,info,SHA-256 present and well formed.,automated,2026-07-29T00:28:27+02:00,,,,,resolved
ZW-QC-2026-445,metabolomic_profiles,ZW-MET-2026-018,checksum_format,integrity,checksum,pass,info,SHA-256 present and well formed.,automated,2026-07-29T00:28:27+02:00,,,,,resolved
ZW-QC-2026-446,metabolomic_profiles,ZW-MET-2026-019,checksum_format,integrity,checksum,pass,info,SHA-256 present and well formed.,automated,2026-07-29T00:28:27+02:00,,,,,resolved
ZW-QC-2026-447,metabolomic_profiles,ZW-MET-2026-020,checksum_format,integrity,checksum,pass,info,SHA-256 present and well formed.,automated,2026-07-29T00:28:27+02:00,,,,,resolved
ZW-QC-2026-448,metabolomic_profiles,ZW-MET-2026-021,checksum_format,integrity,checksum,pass,info,SHA-256 present and well formed.,automated,2026-07-29T00:28:27+02:00,,,,,resolved
ZW-QC-2026-449,metabolomic_profiles,ZW-MET-2026-022,checksum_format,integrity,checksum,pass,info,SHA-256 present and well formed.,automated,2026-07-29T00:28:27+02:00,,,,,resolved
ZW-QC-2026-450,metabolomic_profiles,ZW-MET-2026-023,checksum_format,integrity,checksum,pass,info,SHA-256 present and well formed.,automated,2026-07-29T00:28:27+02:00,,,,,resolved
ZW-QC-2026-451,metabolomic_profiles,ZW-MET-2026-024,checksum_format,integrity,checksum,pass,info,SHA-256 present and well formed.,automated,2026-07-29T00:28:27+02:00,,,,,resolved
ZW-QC-2026-452,metabolomic_profiles,ZW-MET-2026-025,checksum_format,integrity,checksum,pass,info,SHA-256 present and well formed.,automated,2026-07-29T00:28:27+02:00,,,,,resolved
ZW-QC-2026-453,metabolomic_profiles,ZW-MET-2026-026,checksum_format,integrity,checksum,pass,info,SHA-256 present and well formed.,automated,2026-07-29T00:28:27+02:00,,,,,resolved
ZW-QC-2026-454,metabolomic_profiles,ZW-MET-2026-027,checksum_format,integrity,checksum,pass,info,SHA-256 present and well formed.,automated,2026-07-29T00:28:27+02:00,,,,,resolved
ZW-QC-2026-455,metabolomic_profiles,ZW-MET-2026-028,checksum_format,integrity,checksum,pass,info,SHA-256 present and well formed.,automated,2026-07-29T00:28:27+02:00,,,,,resolved
ZW-QC-2026-456,metabolomic_profiles,ZW-MET-2026-029,checksum_format,integrity,checksum,pass,info,SHA-256 present and well formed.,automated,2026-07-29T00:28:27+02:00,,,,,resolved
ZW-QC-2026-457,metabolomic_profiles,ZW-MET-2026-030,checksum_format,integrity,checksum,pass,info,SHA-256 present and well formed.,automated,2026-07-29T00:28:27+02:00,,,,,resolved
ZW-QC-2026-458,metabolomic_profiles,ZW-MET-2026-031,checksum_format,integrity,checksum,pass,info,SHA-256 present and well formed.,automated,2026-07-29T00:28:27+02:00,,,,,resolved
ZW-QC-2026-459,metabolomic_profiles,ZW-MET-2026-032,checksum_format,integrity,checksum,pass,info,SHA-256 present and well formed.,automated,2026-07-29T00:28:27+02:00,,,,,resolved
ZW-QC-2026-460,metabolomic_profiles,ZW-MET-2026-033,checksum_format,integrity,checksum,pass,info,SHA-256 present and well formed.,automated,2026-07-29T00:28:27+02:00,,,,,resolved
ZW-QC-2026-461,metabolomic_profiles,ZW-MET-2026-034,checksum_format,integrity,checksum,pass,info,SHA-256 present and well formed.,automated,2026-07-29T00:28:27+02:00,,,,,resolved
ZW-QC-2026-462,metabolomic_profiles,ZW-MET-2026-035,checksum_format,integrity,checksum,pass,info,SHA-256 present and well formed.,automated,2026-07-29T00:28:27+02:00,,,,,resolved
ZW-QC-2026-463,metabolomic_profiles,ZW-MET-2026-036,checksum_format,integrity,checksum,pass,info,SHA-256 present and well formed.,automated,2026-07-29T00:28:27+02:00,,,,,resolved
ZW-QC-2026-464,metabolomic_profiles,ZW-MET-2026-037,checksum_format,integrity,checksum,pass,info,SHA-256 present and well formed.,automated,2026-07-29T00:28:27+02:00,,,,,resolved
ZW-QC-2026-465,metabolomic_profiles,ZW-MET-2026-038,checksum_format,integrity,checksum,pass,info,SHA-256 present and well formed.,automated,2026-07-29T00:28:27+02:00,,,,,resolved
ZW-QC-2026-466,metabolomic_profiles,ZW-MET-2026-039,checksum_format,integrity,checksum,pass,info,SHA-256 present and well formed.,automated,2026-07-29T00:28:27+02:00,,,,,resolved
ZW-QC-2026-467,metabolomic_profiles,ZW-MET-2026-040,checksum_format,integrity,checksum,pass,info,SHA-256 present and well formed.,automated,2026-07-29T00:28:27+02:00,,,,,resolved
ZW-QC-2026-468,metabolomic_profiles,ZW-MET-2026-041,checksum_format,integrity,checksum,pass,info,SHA-256 present and well formed.,automated,2026-07-29T00:28:27+02:00,,,,,resolved
ZW-QC-2026-469,metabolomic_profiles,ZW-MET-2026-042,checksum_format,integrity,checksum,pass,info,SHA-256 present and well formed.,automated,2026-07-29T00:28:27+02:00,,,,,resolved
ZW-QC-2026-470,metabolomic_profiles,ZW-MET-2026-043,checksum_format,integrity,checksum,pass,info,SHA-256 present and well formed.,automated,2026-07-29T00:28:27+02:00,,,,,resolved
ZW-QC-2026-471,metabolomic_profiles,ZW-MET-2026-044,checksum_format,integrity,checksum,pass,info,SHA-256 present and well formed.,automated,2026-07-29T00:28:27+02:00,,,,,resolved
ZW-QC-2026-472,metabolomic_profiles,ZW-MET-2026-045,checksum_format,integrity,checksum,pass,info,SHA-256 present and well formed.,automated,2026-07-29T00:28:27+02:00,,,,,resolved
ZW-QC-2026-473,metabolomic_profiles,ZW-MET-2026-046,checksum_format,integrity,checksum,pass,info,SHA-256 present and well formed.,automated,2026-07-29T00:28:27+02:00,,,,,resolved
ZW-QC-2026-474,metabolomic_profiles,ZW-MET-2026-047,checksum_format,integrity,checksum,pass,info,SHA-256 present and well formed.,automated,2026-07-29T00:28:27+02:00,,,,,resolved
ZW-QC-2026-475,metabolomic_profiles,ZW-MET-2026-048,checksum_format,integrity,checksum,pass,info,SHA-256 present and well formed.,automated,2026-07-29T00:28:27+02:00,,,,,resolved
ZW-QC-2026-476,metabolomic_profiles,ZW-MET-2026-049,checksum_format,integrity,checksum,pass,info,SHA-256 present and well formed.,automated,2026-07-29T00:28:27+02:00,,,,,resolved
ZW-QC-2026-477,metabolomic_profiles,ZW-MET-2026-050,checksum_format,integrity,checksum,pass,info,SHA-256 present and well formed.,automated,2026-07-29T00:28:27+02:00,,,,,resolved
ZW-QC-2026-478,metabolomic_profiles,ZW-MET-2026-051,checksum_format,integrity,checksum,pass,info,SHA-256 present and well formed.,automated,2026-07-29T00:28:27+02:00,,,,,resolved
ZW-QC-2026-479,metabolomic_profiles,ZW-MET-2026-052,checksum_format,integrity,checksum,pass,info,SHA-256 present and well formed.,automated,2026-07-29T00:28:27+02:00,,,,,resolved
ZW-QC-2026-480,metabolomic_profiles,ZW-MET-2026-053,checksum_format,integrity,checksum,pass,info,SHA-256 present and well formed.,automated,2026-07-29T00:28:27+02:00,,,,,resolved
ZW-QC-2026-481,metabolomic_profiles,ZW-MET-2026-054,checksum_format,integrity,checksum,pass,info,SHA-256 present and well formed.,automated,2026-07-29T00:28:27+02:00,,,,,resolved
ZW-QC-2026-482,metabolomic_profiles,ZW-MET-2026-055,checksum_format,integrity,checksum,pass,info,SHA-256 present and well formed.,automated,2026-07-29T00:28:27+02:00,,,,,resolved
ZW-QC-2026-483,metabolomic_profiles,ZW-MET-2026-056,checksum_format,integrity,checksum,pass,info,SHA-256 present and well formed.,automated,2026-07-29T00:28:27+02:00,,,,,resolved
ZW-QC-2026-484,metabolomic_profiles,ZW-MET-2026-057,checksum_format,integrity,checksum,pass,info,SHA-256 present and well formed.,automated,2026-07-29T00:28:27+02:00,,,,,resolved
ZW-QC-2026-485,metabolomic_profiles,ZW-MET-2026-058,checksum_format,integrity,checksum,pass,info,SHA-256 present and well formed.,automated,2026-07-29T00:28:27+02:00,,,,,resolved
ZW-QC-2026-486,metabolomic_profiles,ZW-MET-2026-059,checksum_format,integrity,checksum,pass,info,SHA-256 present and well formed.,automated,2026-07-29T00:28:27+02:00,,,,,resolved
ZW-QC-2026-487,metabolomic_profiles,ZW-MET-2026-060,checksum_format,integrity,checksum,pass,info,SHA-256 present and well formed.,automated,2026-07-29T00:28:27+02:00,,,,,resolved
ZW-QC-2026-488,metabolomic_profiles,ZW-MET-2026-061,checksum_format,integrity,checksum,pass,info,SHA-256 present and well formed.,automated,2026-07-29T00:28:27+02:00,,,,,resolved
ZW-QC-2026-489,metabolomic_profiles,ZW-MET-2026-062,checksum_format,integrity,checksum,pass,info,SHA-256 present and well formed.,automated,2026-07-29T00:28:27+02:00,,,,,resolved
ZW-QC-2026-490,metabolomic_profiles,ZW-MET-2026-063,checksum_format,integrity,checksum,pass,info,SHA-256 present and well formed.,automated,2026-07-29T00:28:27+02:00,,,,,resolved
ZW-QC-2026-491,metabolomic_profiles,ZW-MET-2026-064,checksum_format,integrity,checksum,pass,info,SHA-256 present and well formed.,automated,2026-07-29T00:28:27+02:00,,,,,resolved
ZW-QC-2026-492,metabolomic_profiles,ZW-MET-2026-065,checksum_format,integrity,checksum,pass,info,SHA-256 present and well formed.,automated,2026-07-29T00:28:27+02:00,,,,,resolved
ZW-QC-2026-493,metabolomic_profiles,ZW-MET-2026-066,checksum_format,integrity,checksum,pass,info,SHA-256 present and well formed.,automated,2026-07-29T00:28:27+02:00,,,,,resolved
ZW-QC-2026-494,metabolomic_profiles,ZW-MET-2026-067,checksum_format,integrity,checksum,pass,info,SHA-256 present and well formed.,automated,2026-07-29T00:28:27+02:00,,,,,resolved
ZW-QC-2026-495,metabolomic_profiles,ZW-MET-2026-068,checksum_format,integrity,checksum,pass,info,SHA-256 present and well formed.,automated,2026-07-29T00:28:27+02:00,,,,,resolved
ZW-QC-2026-496,metabolomic_profiles,ZW-MET-2026-069,checksum_format,integrity,checksum,pass,info,SHA-256 present and well formed.,automated,2026-07-29T00:28:27+02:00,,,,,resolved
ZW-QC-2026-497,metabolomic_profiles,ZW-MET-2026-070,checksum_format,integrity,checksum,pass,info,SHA-256 present and well formed.,automated,2026-07-29T00:28:27+02:00,,,,,resolved
ZW-QC-2026-498,metabolomic_profiles,ZW-MET-2026-071,checksum_format,integrity,checksum,pass,info,SHA-256 present and well formed.,automated,2026-07-29T00:28:27+02:00,,,,,resolved
ZW-QC-2026-499,metabolomic_profiles,ZW-MET-2026-072,checksum_format,integrity,checksum,pass,info,SHA-256 present and well formed.,automated,2026-07-29T00:28:27+02:00,,,,,resolved
ZW-QC-2026-500,metabolomic_profiles,ZW-MET-2026-073,checksum_format,integrity,checksum,pass,info,SHA-256 present and well formed.,automated,2026-07-29T00:28:27+02:00,,,,,resolved
ZW-QC-2026-501,metabolomic_profiles,ZW-MET-2026-074,checksum_format,integrity,checksum,pass,info,SHA-256 present and well formed.,automated,2026-07-29T00:28:27+02:00,,,,,resolved
ZW-QC-2026-502,metabolomic_profiles,ZW-MET-2026-075,checksum_format,integrity,checksum,pass,info,SHA-256 present and well formed.,automated,2026-07-29T00:28:27+02:00,,,,,resolved
ZW-QC-2026-503,metabolomic_profiles,ZW-MET-2026-076,checksum_format,integrity,checksum,pass,info,SHA-256 present and well formed.,automated,2026-07-29T00:28:27+02:00,,,,,resolved
ZW-QC-2026-504,metabolomic_profiles,ZW-MET-2026-077,checksum_format,integrity,checksum,pass,info,SHA-256 present and well formed.,automated,2026-07-29T00:28:27+02:00,,,,,resolved
ZW-QC-2026-505,metabolomic_profiles,ZW-MET-2026-078,checksum_format,integrity,checksum,pass,info,SHA-256 present and well formed.,automated,2026-07-29T00:28:27+02:00,,,,,resolved
ZW-QC-2026-506,metabolomic_profiles,ZW-MET-2026-079,checksum_format,integrity,checksum,pass,info,SHA-256 present and well formed.,automated,2026-07-29T00:28:27+02:00,,,,,resolved
ZW-QC-2026-507,metabolomic_profiles,ZW-MET-2026-080,checksum_format,integrity,checksum,pass,info,SHA-256 present and well formed.,automated,2026-07-29T00:28:27+02:00,,,,,resolved
ZW-QC-2026-508,metabolomic_profiles,ZW-MET-2026-081,checksum_format,integrity,checksum,pass,info,SHA-256 present and well formed.,automated,2026-07-29T00:28:27+02:00,,,,,resolved
ZW-QC-2026-509,metabolomic_profiles,ZW-MET-2026-082,checksum_format,integrity,checksum,pass,info,SHA-256 present and well formed.,automated,2026-07-29T00:28:27+02:00,,,,,resolved
ZW-QC-2026-510,metabolomic_profiles,ZW-MET-2026-083,checksum_format,integrity,checksum,pass,info,SHA-256 present and well formed.,automated,2026-07-29T00:28:27+02:00,,,,,resolved
ZW-QC-2026-511,metabolomic_profiles,ZW-MET-2026-084,checksum_format,integrity,checksum,pass,info,SHA-256 present and well formed.,automated,2026-07-29T00:28:27+02:00,,,,,resolved
ZW-QC-2026-512,metabolomic_profiles,ZW-MET-2026-085,checksum_format,integrity,checksum,pass,info,SHA-256 present and well formed.,automated,2026-07-29T00:28:27+02:00,,,,,resolved
ZW-QC-2026-513,metabolomic_profiles,ZW-MET-2026-086,checksum_format,integrity,checksum,pass,info,SHA-256 present and well formed.,automated,2026-07-29T00:28:27+02:00,,,,,resolved
ZW-QC-2026-514,metabolomic_profiles,ZW-MET-2026-087,checksum_format,integrity,checksum,pass,info,SHA-256 present and well formed.,automated,2026-07-29T00:28:27+02:00,,,,,resolved
ZW-QC-2026-515,metabolomic_profiles,ZW-MET-2026-088,checksum_format,integrity,checksum,pass,info,SHA-256 present and well formed.,automated,2026-07-29T00:28:27+02:00,,,,,resolved
ZW-QC-2026-516,metabolomic_profiles,ZW-MET-2026-089,checksum_format,integrity,checksum,pass,info,SHA-256 present and well formed.,automated,2026-07-29T00:28:27+02:00,,,,,resolved
ZW-QC-2026-517,metabolomic_profiles,ZW-MET-2026-090,checksum_format,integrity,checksum,pass,info,SHA-256 present and well formed.,automated,2026-07-29T00:28:27+02:00,,,,,resolved
ZW-QC-2026-518,environmental_samples,<batch>,source_id_resolves,integrity,cross_reference,pass,info,All source identifiers resolve to the register (7 sources).,automated,2026-07-29T00:28:27+02:00,,,,,resolved
ZW-QC-2026-519,heritage_knowledge,ZW-TK-2026-001,consent_log_agreement,consistency,consent_gate,pass,info,"Consent reference, endorsement and withdrawal status all agree with the consent log.",automated,2026-07-29T00:28:27+02:00,,,,,resolved
ZW-QC-2026-520,heritage_knowledge,ZW-TK-2026-002,consent_log_agreement,consistency,consent_gate,pass,info,"Consent reference, endorsement and withdrawal status all agree with the consent log.",automated,2026-07-29T00:28:27+02:00,,,,,resolved
ZW-QC-2026-521,heritage_knowledge,ZW-TK-2026-003,consent_log_agreement,consistency,consent_gate,pass,info,"Consent reference, endorsement and withdrawal status all agree with the consent log.",automated,2026-07-29T00:28:27+02:00,,,,,resolved
ZW-QC-2026-522,heritage_knowledge,ZW-TK-2026-004,consent_log_agreement,consistency,consent_gate,pass,info,"Consent reference, endorsement and withdrawal status all agree with the consent log.",automated,2026-07-29T00:28:27+02:00,,,,,resolved
ZW-QC-2026-523,heritage_knowledge,ZW-TK-2026-005,consent_log_agreement,consistency,consent_gate,pass,info,"Consent reference, endorsement and withdrawal status all agree with the consent log.",automated,2026-07-29T00:28:27+02:00,,,,,resolved
ZW-QC-2026-524,heritage_knowledge,ZW-TK-2026-006,consent_log_agreement,consistency,consent_gate,pass,info,"Consent reference, endorsement and withdrawal status all agree with the consent log.",automated,2026-07-29T00:28:27+02:00,,,,,resolved
ZW-QC-2026-525,heritage_knowledge,ZW-TK-2026-007,consent_log_agreement,consistency,consent_gate,pass,info,"Consent reference, endorsement and withdrawal status all agree with the consent log.",automated,2026-07-29T00:28:27+02:00,,,,,resolved
ZW-QC-2026-526,heritage_knowledge,ZW-TK-2026-008,consent_log_agreement,consistency,consent_gate,pass,info,"Consent reference, endorsement and withdrawal status all agree with the consent log.",automated,2026-07-29T00:28:27+02:00,,,,,resolved
ZW-QC-2026-527,heritage_knowledge,ZW-TK-2026-009,consent_log_agreement,consistency,consent_gate,pass,info,"Consent reference, endorsement and withdrawal status all agree with the consent log.",automated,2026-07-29T00:28:27+02:00,,,,,resolved
ZW-QC-2026-528,heritage_knowledge,ZW-TK-2026-010,consent_log_agreement,consistency,consent_gate,pass,info,"Consent reference, endorsement and withdrawal status all agree with the consent log.",automated,2026-07-29T00:28:27+02:00,,,,,resolved
ZW-QC-2026-529,heritage_knowledge,ZW-TK-2026-011,consent_log_agreement,consistency,consent_gate,pass,info,"Consent reference, endorsement and withdrawal status all agree with the consent log.",automated,2026-07-29T00:28:27+02:00,,,,,resolved
ZW-QC-2026-530,heritage_knowledge,ZW-TK-2026-012,consent_log_agreement,consistency,consent_gate,pass,info,"Consent reference, endorsement and withdrawal status all agree with the consent log.",automated,2026-07-29T00:28:27+02:00,,,,,resolved
ZW-QC-2026-531,heritage_knowledge,ZW-TK-2026-013,consent_log_agreement,consistency,consent_gate,pass,info,"Consent reference, endorsement and withdrawal status all agree with the consent log.",automated,2026-07-29T00:28:27+02:00,,,,,resolved
ZW-QC-2026-532,heritage_knowledge,ZW-TK-2026-014,consent_log_agreement,consistency,consent_gate,pass,info,"Consent reference, endorsement and withdrawal status all agree with the consent log.",automated,2026-07-29T00:28:27+02:00,,,,,resolved
ZW-QC-2026-533,heritage_knowledge,ZW-TK-2026-015,consent_log_agreement,consistency,consent_gate,pass,info,"Consent reference, endorsement and withdrawal status all agree with the consent log.",automated,2026-07-29T00:28:27+02:00,,,,,resolved
ZW-QC-2026-534,heritage_knowledge,ZW-TK-2026-016,consent_log_agreement,consistency,consent_gate,pass,info,"Consent reference, endorsement and withdrawal status all agree with the consent log.",automated,2026-07-29T00:28:27+02:00,,,,,resolved
ZW-QC-2026-535,heritage_knowledge,ZW-TK-2026-017,consent_log_agreement,consistency,consent_gate,pass,info,"Consent reference, endorsement and withdrawal status all agree with the consent log.",automated,2026-07-29T00:28:27+02:00,,,,,resolved
ZW-QC-2026-536,heritage_knowledge,ZW-TK-2026-018,consent_log_agreement,consistency,consent_gate,pass,info,"Consent reference, endorsement and withdrawal status all agree with the consent log.",automated,2026-07-29T00:28:27+02:00,,,,,resolved
ZW-QC-2026-537,heritage_knowledge,ZW-TK-2026-019,consent_log_agreement,consistency,consent_gate,pass,info,"Consent reference, endorsement and withdrawal status all agree with the consent log.",automated,2026-07-29T00:28:27+02:00,,,,,resolved
ZW-QC-2026-538,heritage_knowledge,ZW-TK-2026-020,consent_log_agreement,consistency,consent_gate,pass,info,"Consent reference, endorsement and withdrawal status all agree with the consent log.",automated,2026-07-29T00:28:27+02:00,,,,,resolved
ZW-QC-2026-539,heritage_knowledge,ZW-TK-2026-021,consent_log_agreement,consistency,consent_gate,pass,info,"Consent reference, endorsement and withdrawal status all agree with the consent log.",automated,2026-07-29T00:28:27+02:00,,,,,resolved
ZW-QC-2026-540,heritage_knowledge,ZW-TK-2026-022,consent_log_agreement,consistency,consent_gate,pass,info,"Consent reference, endorsement and withdrawal status all agree with the consent log.",automated,2026-07-29T00:28:27+02:00,,,,,resolved
ZW-QC-2026-541,heritage_knowledge,ZW-TK-2026-023,consent_log_agreement,consistency,consent_gate,pass,info,"Consent reference, endorsement and withdrawal status all agree with the consent log.",automated,2026-07-29T00:28:27+02:00,,,,,resolved
ZW-QC-2026-542,heritage_knowledge,ZW-TK-2026-024,consent_log_agreement,consistency,consent_gate,pass,info,"Consent reference, endorsement and withdrawal status all agree with the consent log.",automated,2026-07-29T00:28:27+02:00,,,,,resolved
ZW-QC-2026-543,heritage_knowledge,ZW-TK-2026-025,consent_log_agreement,consistency,consent_gate,pass,info,"Consent reference, endorsement and withdrawal status all agree with the consent log.",automated,2026-07-29T00:28:27+02:00,,,,,resolved
ZW-QC-2026-544,heritage_knowledge,ZW-TK-2026-026,consent_log_agreement,consistency,consent_gate,pass,info,"Consent reference, endorsement and withdrawal status all agree with the consent log.",automated,2026-07-29T00:28:27+02:00,,,,,resolved
ZW-QC-2026-545,heritage_knowledge,ZW-TK-2026-027,consent_log_agreement,consistency,consent_gate,pass,info,"Consent reference, endorsement and withdrawal status all agree with the consent log.",automated,2026-07-29T00:28:27+02:00,,,,,resolved
ZW-QC-2026-546,heritage_knowledge,ZW-TK-2026-028,consent_log_agreement,consistency,consent_gate,pass,info,"Consent reference, endorsement and withdrawal status all agree with the consent log.",automated,2026-07-29T00:28:27+02:00,,,,,resolved
ZW-QC-2026-547,heritage_knowledge,ZW-TK-2026-029,consent_log_agreement,consistency,consent_gate,pass,info,"Consent reference, endorsement and withdrawal status all agree with the consent log.",automated,2026-07-29T00:28:27+02:00,,,,,resolved
ZW-QC-2026-548,heritage_knowledge,ZW-TK-2026-030,consent_log_agreement,consistency,consent_gate,pass,info,"Consent reference, endorsement and withdrawal status all agree with the consent log.",automated,2026-07-29T00:28:27+02:00,,,,,resolved
ZW-QC-2026-549,heritage_knowledge,ZW-TK-2026-031,consent_log_agreement,consistency,consent_gate,pass,info,"Consent reference, endorsement and withdrawal status all agree with the consent log.",automated,2026-07-29T00:28:27+02:00,,,,,resolved
ZW-QC-2026-550,heritage_knowledge,ZW-TK-2026-032,consent_log_agreement,consistency,consent_gate,pass,info,"Consent reference, endorsement and withdrawal status all agree with the consent log.",automated,2026-07-29T00:28:27+02:00,,,,,resolved
ZW-QC-2026-551,heritage_knowledge,ZW-TK-2026-033,consent_log_agreement,consistency,consent_gate,pass,info,"Consent reference, endorsement and withdrawal status all agree with the consent log.",automated,2026-07-29T00:28:27+02:00,,,,,resolved
ZW-QC-2026-552,heritage_knowledge,ZW-TK-2026-034,consent_log_agreement,consistency,consent_gate,pass,info,"Consent reference, endorsement and withdrawal status all agree with the consent log.",automated,2026-07-29T00:28:27+02:00,,,,,resolved
ZW-QC-2026-553,heritage_knowledge,ZW-TK-2026-035,consent_log_agreement,consistency,consent_gate,pass,info,"Consent reference, endorsement and withdrawal status all agree with the consent log.",automated,2026-07-29T00:28:27+02:00,,,,,resolved
ZW-QC-2026-554,heritage_knowledge,ZW-TK-2026-036,consent_log_agreement,consistency,consent_gate,pass,info,"Consent reference, endorsement and withdrawal status all agree with the consent log.",automated,2026-07-29T00:28:27+02:00,,,,,resolved
ZW-QC-2026-555,heritage_knowledge,ZW-TK-2026-037,consent_log_agreement,consistency,consent_gate,pass,info,"Consent reference, endorsement and withdrawal status all agree with the consent log.",automated,2026-07-29T00:28:27+02:00,,,,,resolved
ZW-QC-2026-556,heritage_knowledge,ZW-TK-2026-038,consent_log_agreement,consistency,consent_gate,pass,info,"Consent reference, endorsement and withdrawal status all agree with the consent log.",automated,2026-07-29T00:28:27+02:00,,,,,resolved
ZW-QC-2026-557,heritage_knowledge,ZW-TK-2026-039,consent_log_agreement,consistency,consent_gate,pass,info,"Consent reference, endorsement and withdrawal status all agree with the consent log.",automated,2026-07-29T00:28:27+02:00,,,,,resolved
ZW-QC-2026-558,heritage_knowledge,ZW-TK-2026-040,consent_log_agreement,consistency,consent_gate,pass,info,"Consent reference, endorsement and withdrawal status all agree with the consent log.",automated,2026-07-29T00:28:27+02:00,,,,,resolved
ZW-QC-2026-559,heritage_knowledge,ZW-TK-2026-041,consent_log_agreement,consistency,consent_gate,pass,info,"Consent reference, endorsement and withdrawal status all agree with the consent log.",automated,2026-07-29T00:28:27+02:00,,,,,resolved
ZW-QC-2026-560,heritage_knowledge,ZW-TK-2026-042,consent_log_agreement,consistency,consent_gate,pass,info,"Consent reference, endorsement and withdrawal status all agree with the consent log.",automated,2026-07-29T00:28:27+02:00,,,,,resolved
ZW-QC-2026-561,heritage_knowledge,ZW-TK-2026-043,consent_log_agreement,consistency,consent_gate,pass,info,"Consent reference, endorsement and withdrawal status all agree with the consent log.",automated,2026-07-29T00:28:27+02:00,,,,,resolved
ZW-QC-2026-562,heritage_knowledge,ZW-TK-2026-044,consent_log_agreement,consistency,consent_gate,pass,info,"Consent reference, endorsement and withdrawal status all agree with the consent log.",automated,2026-07-29T00:28:27+02:00,,,,,resolved
ZW-QC-2026-563,heritage_knowledge,ZW-TK-2026-045,consent_log_agreement,consistency,consent_gate,pass,info,"Consent reference, endorsement and withdrawal status all agree with the consent log.",automated,2026-07-29T00:28:27+02:00,,,,,resolved
ZW-QC-2026-564,heritage_knowledge,ZW-TK-2026-046,consent_log_agreement,consistency,consent_gate,pass,info,"Consent reference, endorsement and withdrawal status all agree with the consent log.",automated,2026-07-29T00:28:27+02:00,,,,,resolved
ZW-QC-2026-565,heritage_knowledge,ZW-TK-2026-047,consent_log_agreement,consistency,consent_gate,pass,info,"Consent reference, endorsement and withdrawal status all agree with the consent log.",automated,2026-07-29T00:28:27+02:00,,,,,resolved
ZW-QC-2026-566,heritage_knowledge,ZW-TK-2026-048,consent_log_agreement,consistency,consent_gate,pass,info,"Consent reference, endorsement and withdrawal status all agree with the consent log.",automated,2026-07-29T00:28:27+02:00,,,,,resolved
ZW-QC-2026-567,heritage_knowledge,ZW-TK-2026-049,consent_log_agreement,consistency,consent_gate,pass,info,"Consent reference, endorsement and withdrawal status all agree with the consent log.",automated,2026-07-29T00:28:27+02:00,,,,,resolved
ZW-QC-2026-568,heritage_knowledge,ZW-TK-2026-050,consent_log_agreement,consistency,consent_gate,pass,info,"Consent reference, endorsement and withdrawal status all agree with the consent log.",automated,2026-07-29T00:28:27+02:00,,,,,resolved
ZW-QC-2026-569,heritage_knowledge,ZW-TK-2026-051,consent_log_agreement,consistency,consent_gate,pass,info,"Consent reference, endorsement and withdrawal status all agree with the consent log.",automated,2026-07-29T00:28:27+02:00,,,,,resolved
ZW-QC-2026-570,heritage_knowledge,ZW-TK-2026-052,consent_log_agreement,consistency,consent_gate,pass,info,"Consent reference, endorsement and withdrawal status all agree with the consent log.",automated,2026-07-29T00:28:27+02:00,,,,,resolved
ZW-QC-2026-571,environmental_samples,ZW-SMP-2026-001,location_masking,validity,privacy,pass,info,Public record is masked at 5000 m stated precision.,automated,2026-07-29T00:28:27+02:00,,,,,resolved
ZW-QC-2026-572,environmental_samples,ZW-SMP-2026-002,location_masking,validity,privacy,pass,info,Public record is masked at 5000 m stated precision.,automated,2026-07-29T00:28:27+02:00,,,,,resolved
ZW-QC-2026-573,environmental_samples,ZW-SMP-2026-003,location_masking,validity,privacy,pass,info,Public record is masked at 5000 m stated precision.,automated,2026-07-29T00:28:27+02:00,,,,,resolved
ZW-QC-2026-574,environmental_samples,ZW-SMP-2026-004,location_masking,validity,privacy,pass,info,Public record is masked at 5000 m stated precision.,automated,2026-07-29T00:28:27+02:00,,,,,resolved
ZW-QC-2026-575,environmental_samples,ZW-SMP-2026-005,location_masking,validity,privacy,pass,info,Public record is masked at 5000 m stated precision.,automated,2026-07-29T00:28:27+02:00,,,,,resolved
ZW-QC-2026-576,environmental_samples,ZW-SMP-2026-006,location_masking,validity,privacy,pass,info,Public record is masked at 5000 m stated precision.,automated,2026-07-29T00:28:27+02:00,,,,,resolved
ZW-QC-2026-577,environmental_samples,ZW-SMP-2026-007,location_masking,validity,privacy,pass,info,Public record is masked at 5000 m stated precision.,automated,2026-07-29T00:28:27+02:00,,,,,resolved
ZW-QC-2026-578,environmental_samples,ZW-SMP-2026-008,location_masking,validity,privacy,pass,info,Public record is masked at 5000 m stated precision.,automated,2026-07-29T00:28:27+02:00,,,,,resolved
ZW-QC-2026-579,environmental_samples,ZW-SMP-2026-009,location_masking,validity,privacy,pass,info,Public record is masked at 5000 m stated precision.,automated,2026-07-29T00:28:27+02:00,,,,,resolved
ZW-QC-2026-580,environmental_samples,ZW-SMP-2026-010,location_masking,validity,privacy,pass,info,Public record is masked at 5000 m stated precision.,automated,2026-07-29T00:28:27+02:00,,,,,resolved
ZW-QC-2026-581,environmental_samples,ZW-SMP-2026-011,location_masking,validity,privacy,pass,info,Public record is masked at 5000 m stated precision.,automated,2026-07-29T00:28:27+02:00,,,,,resolved
ZW-QC-2026-582,environmental_samples,ZW-SMP-2026-012,location_masking,validity,privacy,pass,info,Public record is masked at 5000 m stated precision.,automated,2026-07-29T00:28:27+02:00,,,,,resolved
ZW-QC-2026-583,environmental_samples,ZW-SMP-2026-013,location_masking,validity,privacy,pass,info,Public record is masked at 5000 m stated precision.,automated,2026-07-29T00:28:27+02:00,,,,,resolved
ZW-QC-2026-584,environmental_samples,ZW-SMP-2026-014,location_masking,validity,privacy,pass,info,Public record is masked at 5000 m stated precision.,automated,2026-07-29T00:28:27+02:00,,,,,resolved
ZW-QC-2026-585,environmental_samples,ZW-SMP-2026-015,location_masking,validity,privacy,pass,info,Public record is masked at 5000 m stated precision.,automated,2026-07-29T00:28:27+02:00,,,,,resolved
ZW-QC-2026-586,environmental_samples,ZW-SMP-2026-016,location_masking,validity,privacy,pass,info,Public record is masked at 5000 m stated precision.,automated,2026-07-29T00:28:27+02:00,,,,,resolved
ZW-QC-2026-587,environmental_samples,ZW-SMP-2026-017,location_masking,validity,privacy,pass,info,Public record is masked at 5000 m stated precision.,automated,2026-07-29T00:28:27+02:00,,,,,resolved
ZW-QC-2026-588,environmental_samples,ZW-SMP-2026-018,location_masking,validity,privacy,pass,info,Public record is masked at 5000 m stated precision.,automated,2026-07-29T00:28:27+02:00,,,,,resolved
ZW-QC-2026-589,environmental_samples,ZW-SMP-2026-019,location_masking,validity,privacy,pass,info,Public record is masked at 5000 m stated precision.,automated,2026-07-29T00:28:27+02:00,,,,,resolved
ZW-QC-2026-590,environmental_samples,ZW-SMP-2026-020,location_masking,validity,privacy,pass,info,Public record is masked at 5000 m stated precision.,automated,2026-07-29T00:28:27+02:00,,,,,resolved
ZW-QC-2026-591,environmental_samples,ZW-SMP-2026-021,location_masking,validity,privacy,pass,info,Public record is masked at 5000 m stated precision.,automated,2026-07-29T00:28:27+02:00,,,,,resolved
ZW-QC-2026-592,environmental_samples,ZW-SMP-2026-022,location_masking,validity,privacy,pass,info,Public record is masked at 5000 m stated precision.,automated,2026-07-29T00:28:27+02:00,,,,,resolved
ZW-QC-2026-593,environmental_samples,ZW-SMP-2026-023,location_masking,validity,privacy,pass,info,Public record is masked at 5000 m stated precision.,automated,2026-07-29T00:28:27+02:00,,,,,resolved
ZW-QC-2026-594,environmental_samples,ZW-SMP-2026-024,location_masking,validity,privacy,pass,info,Public record is masked at 5000 m stated precision.,automated,2026-07-29T00:28:27+02:00,,,,,resolved
ZW-QC-2026-595,environmental_samples,ZW-SMP-2026-025,location_masking,validity,privacy,pass,info,Public record is masked at 5000 m stated precision.,automated,2026-07-29T00:28:27+02:00,,,,,resolved
ZW-QC-2026-596,environmental_samples,ZW-SMP-2026-026,location_masking,validity,privacy,pass,info,Public record is masked at 5000 m stated precision.,automated,2026-07-29T00:28:27+02:00,,,,,resolved
ZW-QC-2026-597,environmental_samples,ZW-SMP-2026-027,location_masking,validity,privacy,pass,info,Public record is masked at 5000 m stated precision.,automated,2026-07-29T00:28:27+02:00,,,,,resolved
ZW-QC-2026-598,environmental_samples,ZW-SMP-2026-028,location_masking,validity,privacy,pass,info,Public record is masked at 5000 m stated precision.,automated,2026-07-29T00:28:27+02:00,,,,,resolved
ZW-QC-2026-599,environmental_samples,ZW-SMP-2026-029,location_masking,validity,privacy,pass,info,Public record is masked at 5000 m stated precision.,automated,2026-07-29T00:28:27+02:00,,,,,resolved
ZW-QC-2026-600,environmental_samples,ZW-SMP-2026-030,location_masking,validity,privacy,pass,info,Public record is masked at 5000 m stated precision.,automated,2026-07-29T00:28:27+02:00,,,,,resolved
ZW-QC-2026-601,environmental_samples,ZW-SMP-2026-031,location_masking,validity,privacy,pass,info,Public record is masked at 5000 m stated precision.,automated,2026-07-29T00:28:27+02:00,,,,,resolved
ZW-QC-2026-602,environmental_samples,ZW-SMP-2026-032,location_masking,validity,privacy,pass,info,Public record is masked at 5000 m stated precision.,automated,2026-07-29T00:28:27+02:00,,,,,resolved
ZW-QC-2026-603,environmental_samples,ZW-SMP-2026-033,location_masking,validity,privacy,pass,info,Public record is masked at 5000 m stated precision.,automated,2026-07-29T00:28:27+02:00,,,,,resolved
ZW-QC-2026-604,environmental_samples,ZW-SMP-2026-034,location_masking,validity,privacy,pass,info,Public record is masked at 5000 m stated precision.,automated,2026-07-29T00:28:27+02:00,,,,,resolved
ZW-QC-2026-605,environmental_samples,ZW-SMP-2026-035,location_masking,validity,privacy,pass,info,Public record is masked at 5000 m stated precision.,automated,2026-07-29T00:28:27+02:00,,,,,resolved
ZW-QC-2026-606,environmental_samples,ZW-SMP-2026-036,location_masking,validity,privacy,pass,info,Public record is masked at 5000 m stated precision.,automated,2026-07-29T00:28:27+02:00,,,,,resolved
ZW-QC-2026-607,environmental_samples,ZW-SMP-2026-037,location_masking,validity,privacy,pass,info,Public record is masked at 5000 m stated precision.,automated,2026-07-29T00:28:27+02:00,,,,,resolved
ZW-QC-2026-608,environmental_samples,ZW-SMP-2026-038,location_masking,validity,privacy,pass,info,Public record is masked at 5000 m stated precision.,automated,2026-07-29T00:28:27+02:00,,,,,resolved
ZW-QC-2026-609,environmental_samples,ZW-SMP-2026-039,location_masking,validity,privacy,pass,info,Public record is masked at 5000 m stated precision.,automated,2026-07-29T00:28:27+02:00,,,,,resolved
ZW-QC-2026-610,environmental_samples,ZW-SMP-2026-040,location_masking,validity,privacy,pass,info,Public record is masked at 5000 m stated precision.,automated,2026-07-29T00:28:27+02:00,,,,,resolved
ZW-QC-2026-611,environmental_samples,ZW-SMP-2026-041,location_masking,validity,privacy,pass,info,Public record is masked at 5000 m stated precision.,automated,2026-07-29T00:28:27+02:00,,,,,resolved
ZW-QC-2026-612,environmental_samples,ZW-SMP-2026-042,location_masking,validity,privacy,pass,info,Public record is masked at 5000 m stated precision.,automated,2026-07-29T00:28:27+02:00,,,,,resolved
ZW-QC-2026-613,environmental_samples,ZW-SMP-2026-043,location_masking,validity,privacy,pass,info,Public record is masked at 5000 m stated precision.,automated,2026-07-29T00:28:27+02:00,,,,,resolved
ZW-QC-2026-614,environmental_samples,ZW-SMP-2026-044,location_masking,validity,privacy,pass,info,Public record is masked at 5000 m stated precision.,automated,2026-07-29T00:28:27+02:00,,,,,resolved
ZW-QC-2026-615,environmental_samples,ZW-SMP-2026-045,location_masking,validity,privacy,pass,info,Public record is masked at 5000 m stated precision.,automated,2026-07-29T00:28:27+02:00,,,,,resolved
ZW-QC-2026-616,environmental_samples,ZW-SMP-2026-046,location_masking,validity,privacy,pass,info,Public record is masked at 5000 m stated precision.,automated,2026-07-29T00:28:27+02:00,,,,,resolved
ZW-QC-2026-617,environmental_samples,ZW-SMP-2026-047,location_masking,validity,privacy,pass,info,Public record is masked at 5000 m stated precision.,automated,2026-07-29T00:28:27+02:00,,,,,resolved
ZW-QC-2026-618,environmental_samples,ZW-SMP-2026-048,location_masking,validity,privacy,pass,info,Public record is masked at 5000 m stated precision.,automated,2026-07-29T00:28:27+02:00,,,,,resolved
ZW-QC-2026-619,environmental_samples,ZW-SMP-2026-049,location_masking,validity,privacy,pass,info,Public record is masked at 5000 m stated precision.,automated,2026-07-29T00:28:27+02:00,,,,,resolved
ZW-QC-2026-620,environmental_samples,ZW-SMP-2026-050,location_masking,validity,privacy,pass,info,Public record is masked at 5000 m stated precision.,automated,2026-07-29T00:28:27+02:00,,,,,resolved
ZW-QC-2026-621,environmental_samples,ZW-SMP-2026-051,location_masking,validity,privacy,pass,info,Public record is masked at 5000 m stated precision.,automated,2026-07-29T00:28:27+02:00,,,,,resolved
ZW-QC-2026-622,environmental_samples,ZW-SMP-2026-052,location_masking,validity,privacy,pass,info,Public record is masked at 5000 m stated precision.,automated,2026-07-29T00:28:27+02:00,,,,,resolved
ZW-QC-2026-623,environmental_samples,ZW-SMP-2026-053,location_masking,validity,privacy,pass,info,Public record is masked at 5000 m stated precision.,automated,2026-07-29T00:28:27+02:00,,,,,resolved
ZW-QC-2026-624,environmental_samples,ZW-SMP-2026-054,location_masking,validity,privacy,pass,info,Public record is masked at 5000 m stated precision.,automated,2026-07-29T00:28:27+02:00,,,,,resolved
ZW-QC-2026-625,environmental_samples,ZW-SMP-2026-055,location_masking,validity,privacy,pass,info,Public record is masked at 5000 m stated precision.,automated,2026-07-29T00:28:27+02:00,,,,,resolved
ZW-QC-2026-626,environmental_samples,ZW-SMP-2026-056,location_masking,validity,privacy,pass,info,Public record is masked at 5000 m stated precision.,automated,2026-07-29T00:28:27+02:00,,,,,resolved
ZW-QC-2026-627,environmental_samples,ZW-SMP-2026-057,location_masking,validity,privacy,pass,info,Public record is masked at 5000 m stated precision.,automated,2026-07-29T00:28:27+02:00,,,,,resolved
ZW-QC-2026-628,environmental_samples,ZW-SMP-2026-058,location_masking,validity,privacy,pass,info,Public record is masked at 5000 m stated precision.,automated,2026-07-29T00:28:27+02:00,,,,,resolved
ZW-QC-2026-629,environmental_samples,ZW-SMP-2026-059,location_masking,validity,privacy,pass,info,Public record is masked at 5000 m stated precision.,automated,2026-07-29T00:28:27+02:00,,,,,resolved
ZW-QC-2026-630,environmental_samples,ZW-SMP-2026-060,location_masking,validity,privacy,pass,info,Public record is masked at 5000 m stated precision.,automated,2026-07-29T00:28:27+02:00,,,,,resolved
ZW-QC-2026-631,environmental_samples,ZW-SMP-2026-061,location_masking,validity,privacy,pass,info,Public record is masked at 5000 m stated precision.,automated,2026-07-29T00:28:27+02:00,,,,,resolved
ZW-QC-2026-632,environmental_samples,ZW-SMP-2026-062,location_masking,validity,privacy,pass,info,Public record is masked at 5000 m stated precision.,automated,2026-07-29T00:28:27+02:00,,,,,resolved
ZW-QC-2026-633,environmental_samples,ZW-SMP-2026-063,location_masking,validity,privacy,pass,info,Public record is masked at 5000 m stated precision.,automated,2026-07-29T00:28:27+02:00,,,,,resolved
ZW-QC-2026-634,environmental_samples,ZW-SMP-2026-064,location_masking,validity,privacy,pass,info,Public record is masked at 5000 m stated precision.,automated,2026-07-29T00:28:27+02:00,,,,,resolved
ZW-QC-2026-635,environmental_samples,ZW-SMP-2026-065,location_masking,validity,privacy,pass,info,Public record is masked at 5000 m stated precision.,automated,2026-07-29T00:28:27+02:00,,,,,resolved
ZW-QC-2026-636,environmental_samples,ZW-SMP-2026-066,location_masking,validity,privacy,pass,info,Public record is masked at 5000 m stated precision.,automated,2026-07-29T00:28:27+02:00,,,,,resolved
ZW-QC-2026-637,environmental_samples,ZW-SMP-2026-067,location_masking,validity,privacy,pass,info,Public record is masked at 5000 m stated precision.,automated,2026-07-29T00:28:27+02:00,,,,,resolved
ZW-QC-2026-638,environmental_samples,ZW-SMP-2026-068,location_masking,validity,privacy,pass,info,Public record is masked at 5000 m stated precision.,automated,2026-07-29T00:28:27+02:00,,,,,resolved
ZW-QC-2026-639,environmental_samples,ZW-SMP-2026-069,location_masking,validity,privacy,pass,info,Public record is masked at 5000 m stated precision.,automated,2026-07-29T00:28:27+02:00,,,,,resolved
ZW-QC-2026-640,environmental_samples,ZW-SMP-2026-070,location_masking,validity,privacy,pass,info,Public record is masked at 5000 m stated precision.,automated,2026-07-29T00:28:27+02:00,,,,,resolved
ZW-QC-2026-641,environmental_samples,ZW-SMP-2026-071,location_masking,validity,privacy,pass,info,Public record is masked at 5000 m stated precision.,automated,2026-07-29T00:28:27+02:00,,,,,resolved
ZW-QC-2026-642,environmental_samples,ZW-SMP-2026-072,location_masking,validity,privacy,pass,info,Public record is masked at 5000 m stated precision.,automated,2026-07-29T00:28:27+02:00,,,,,resolved
ZW-QC-2026-643,environmental_samples,ZW-SMP-2026-073,location_masking,validity,privacy,pass,info,Public record is masked at 5000 m stated precision.,automated,2026-07-29T00:28:27+02:00,,,,,resolved
ZW-QC-2026-644,environmental_samples,ZW-SMP-2026-074,location_masking,validity,privacy,pass,info,Public record is masked at 5000 m stated precision.,automated,2026-07-29T00:28:27+02:00,,,,,resolved
ZW-QC-2026-645,environmental_samples,ZW-SMP-2026-075,location_masking,validity,privacy,pass,info,Public record is masked at 5000 m stated precision.,automated,2026-07-29T00:28:27+02:00,,,,,resolved
ZW-QC-2026-646,environmental_samples,ZW-SMP-2026-076,location_masking,validity,privacy,pass,info,Public record is masked at 5000 m stated precision.,automated,2026-07-29T00:28:27+02:00,,,,,resolved
ZW-QC-2026-647,environmental_samples,ZW-SMP-2026-077,location_masking,validity,privacy,pass,info,Public record is masked at 5000 m stated precision.,automated,2026-07-29T00:28:27+02:00,,,,,resolved
ZW-QC-2026-648,environmental_samples,ZW-SMP-2026-078,location_masking,validity,privacy,pass,info,Public record is masked at 5000 m stated precision.,automated,2026-07-29T00:28:27+02:00,,,,,resolved
ZW-QC-2026-649,environmental_samples,ZW-SMP-2026-079,location_masking,validity,privacy,pass,info,Public record is masked at 5000 m stated precision.,automated,2026-07-29T00:28:27+02:00,,,,,resolved
ZW-QC-2026-650,environmental_samples,ZW-SMP-2026-080,location_masking,validity,privacy,pass,info,Public record is masked at 5000 m stated precision.,automated,2026-07-29T00:28:27+02:00,,,,,resolved
ZW-QC-2026-651,environmental_samples,ZW-SMP-2026-081,location_masking,validity,privacy,pass,info,Public record is masked at 5000 m stated precision.,automated,2026-07-29T00:28:27+02:00,,,,,resolved
ZW-QC-2026-652,environmental_samples,ZW-SMP-2026-082,location_masking,validity,privacy,pass,info,Public record is masked at 5000 m stated precision.,automated,2026-07-29T00:28:27+02:00,,,,,resolved
ZW-QC-2026-653,environmental_samples,ZW-SMP-2026-083,location_masking,validity,privacy,pass,info,Public record is masked at 5000 m stated precision.,automated,2026-07-29T00:28:27+02:00,,,,,resolved
ZW-QC-2026-654,environmental_samples,ZW-SMP-2026-084,location_masking,validity,privacy,pass,info,Public record is masked at 5000 m stated precision.,automated,2026-07-29T00:28:27+02:00,,,,,resolved
ZW-QC-2026-655,environmental_samples,ZW-SMP-2026-085,location_masking,validity,privacy,pass,info,Public record is masked at 5000 m stated precision.,automated,2026-07-29T00:28:27+02:00,,,,,resolved
ZW-QC-2026-656,environmental_samples,ZW-SMP-2026-086,location_masking,validity,privacy,pass,info,Public record is masked at 5000 m stated precision.,automated,2026-07-29T00:28:27+02:00,,,,,resolved
ZW-QC-2026-657,environmental_samples,ZW-SMP-2026-087,location_masking,validity,privacy,pass,info,Public record is masked at 5000 m stated precision.,automated,2026-07-29T00:28:27+02:00,,,,,resolved
ZW-QC-2026-658,environmental_samples,ZW-SMP-2026-088,location_masking,validity,privacy,pass,info,Public record is masked at 5000 m stated precision.,automated,2026-07-29T00:28:27+02:00,,,,,resolved
ZW-QC-2026-659,environmental_samples,ZW-SMP-2026-089,location_masking,validity,privacy,pass,info,Public record is masked at 5000 m stated precision.,automated,2026-07-29T00:28:27+02:00,,,,,resolved
ZW-QC-2026-660,environmental_samples,ZW-SMP-2026-090,location_masking,validity,privacy,pass,info,Public record is masked at 5000 m stated precision.,automated,2026-07-29T00:28:27+02:00,,,,,resolved
ZW-QC-2026-661,environmental_samples,ZW-SMP-2026-091,location_masking,validity,privacy,pass,info,Public record is masked at 5000 m stated precision.,automated,2026-07-29T00:28:27+02:00,,,,,resolved
ZW-QC-2026-662,environmental_samples,ZW-SMP-2026-092,location_masking,validity,privacy,pass,info,Public record is masked at 5000 m stated precision.,automated,2026-07-29T00:28:27+02:00,,,,,resolved
ZW-QC-2026-663,environmental_samples,ZW-SMP-2026-093,location_masking,validity,privacy,pass,info,Public record is masked at 5000 m stated precision.,automated,2026-07-29T00:28:27+02:00,,,,,resolved
ZW-QC-2026-664,environmental_samples,ZW-SMP-2026-094,location_masking,validity,privacy,pass,info,Public record is masked at 5000 m stated precision.,automated,2026-07-29T00:28:27+02:00,,,,,resolved
ZW-QC-2026-665,environmental_samples,ZW-SMP-2026-095,location_masking,validity,privacy,pass,info,Public record is masked at 5000 m stated precision.,automated,2026-07-29T00:28:27+02:00,,,,,resolved
ZW-QC-2026-666,environmental_samples,ZW-SMP-2026-096,location_masking,validity,privacy,pass,info,Public record is masked at 5000 m stated precision.,automated,2026-07-29T00:28:27+02:00,,,,,resolved
ZW-QC-2026-667,environmental_samples,ZW-SMP-2026-097,location_masking,validity,privacy,pass,info,Public record is masked at 5000 m stated precision.,automated,2026-07-29T00:28:27+02:00,,,,,resolved
ZW-QC-2026-668,environmental_samples,ZW-SMP-2026-098,location_masking,validity,privacy,pass,info,Public record is masked at 5000 m stated precision.,automated,2026-07-29T00:28:27+02:00,,,,,resolved
ZW-QC-2026-669,environmental_samples,ZW-SMP-2026-099,location_masking,validity,privacy,pass,info,Public record is masked at 5000 m stated precision.,automated,2026-07-29T00:28:27+02:00,,,,,resolved
ZW-QC-2026-670,environmental_samples,ZW-SMP-2026-100,location_masking,validity,privacy,pass,info,Public record is masked at 5000 m stated precision.,automated,2026-07-29T00:28:27+02:00,,,,,resolved
ZW-QC-2026-671,environmental_samples,ZW-SMP-2026-101,location_masking,validity,privacy,pass,info,Public record is masked at 5000 m stated precision.,automated,2026-07-29T00:28:27+02:00,,,,,resolved
ZW-QC-2026-672,environmental_samples,ZW-SMP-2026-102,location_masking,validity,privacy,pass,info,Public record is masked at 5000 m stated precision.,automated,2026-07-29T00:28:27+02:00,,,,,resolved
ZW-QC-2026-673,environmental_samples,ZW-SMP-2026-103,location_masking,validity,privacy,pass,info,Public record is masked at 5000 m stated precision.,automated,2026-07-29T00:28:27+02:00,,,,,resolved
ZW-QC-2026-674,environmental_samples,ZW-SMP-2026-104,location_masking,validity,privacy,pass,info,Public record is masked at 5000 m stated precision.,automated,2026-07-29T00:28:27+02:00,,,,,resolved
ZW-QC-2026-675,environmental_samples,ZW-SMP-2026-105,location_masking,validity,privacy,pass,info,Public record is masked at 5000 m stated precision.,automated,2026-07-29T00:28:27+02:00,,,,,resolved
ZW-QC-2026-676,environmental_samples,ZW-SMP-2026-106,location_masking,validity,privacy,pass,info,Public record is masked at 5000 m stated precision.,automated,2026-07-29T00:28:27+02:00,,,,,resolved
ZW-QC-2026-677,environmental_samples,ZW-SMP-2026-107,location_masking,validity,privacy,pass,info,Public record is masked at 5000 m stated precision.,automated,2026-07-29T00:28:27+02:00,,,,,resolved
ZW-QC-2026-678,environmental_samples,ZW-SMP-2026-108,location_masking,validity,privacy,pass,info,Public record is masked at 5000 m stated precision.,automated,2026-07-29T00:28:27+02:00,,,,,resolved
ZW-QC-2026-679,environmental_samples,ZW-SMP-2026-109,location_masking,validity,privacy,pass,info,Public record is masked at 5000 m stated precision.,automated,2026-07-29T00:28:27+02:00,,,,,resolved
ZW-QC-2026-680,environmental_samples,ZW-SMP-2026-110,location_masking,validity,privacy,pass,info,Public record is masked at 5000 m stated precision.,automated,2026-07-29T00:28:27+02:00,,,,,resolved
ZW-QC-2026-681,environmental_samples,ZW-SMP-2026-111,location_masking,validity,privacy,pass,info,Public record is masked at 5000 m stated precision.,automated,2026-07-29T00:28:27+02:00,,,,,resolved
ZW-QC-2026-682,environmental_samples,ZW-SMP-2026-112,location_masking,validity,privacy,pass,info,Public record is masked at 5000 m stated precision.,automated,2026-07-29T00:28:27+02:00,,,,,resolved
ZW-QC-2026-683,environmental_samples,ZW-SMP-2026-113,location_masking,validity,privacy,pass,info,Public record is masked at 5000 m stated precision.,automated,2026-07-29T00:28:27+02:00,,,,,resolved
ZW-QC-2026-684,environmental_samples,ZW-SMP-2026-114,location_masking,validity,privacy,pass,info,Public record is masked at 5000 m stated precision.,automated,2026-07-29T00:28:27+02:00,,,,,resolved
ZW-QC-2026-685,environmental_samples,ZW-SMP-2026-115,location_masking,validity,privacy,pass,info,Public record is masked at 5000 m stated precision.,automated,2026-07-29T00:28:27+02:00,,,,,resolved
ZW-QC-2026-686,environmental_samples,ZW-SMP-2026-116,location_masking,validity,privacy,pass,info,Public record is masked at 5000 m stated precision.,automated,2026-07-29T00:28:27+02:00,,,,,resolved
ZW-QC-2026-687,environmental_samples,ZW-SMP-2026-117,location_masking,validity,privacy,pass,info,Public record is masked at 5000 m stated precision.,automated,2026-07-29T00:28:27+02:00,,,,,resolved
ZW-QC-2026-688,environmental_samples,ZW-SMP-2026-118,location_masking,validity,privacy,pass,info,Public record is masked at 5000 m stated precision.,automated,2026-07-29T00:28:27+02:00,,,,,resolved
ZW-QC-2026-689,environmental_samples,ZW-SMP-2026-119,location_masking,validity,privacy,pass,info,Public record is masked at 5000 m stated precision.,automated,2026-07-29T00:28:27+02:00,,,,,resolved
ZW-QC-2026-690,environmental_samples,ZW-SMP-2026-120,location_masking,validity,privacy,pass,info,Public record is masked at 5000 m stated precision.,automated,2026-07-29T00:28:27+02:00,,,,,resolved
ZW-QC-2026-691,heritage_knowledge,ZW-TK-2026-001,no_direct_identifiers,validity,privacy,pass,info,No direct identifier patterns detected in free-text fields.,automated,2026-07-29T00:28:27+02:00,,,,,resolved
ZW-QC-2026-692,heritage_knowledge,ZW-TK-2026-002,no_direct_identifiers,validity,privacy,pass,info,No direct identifier patterns detected in free-text fields.,automated,2026-07-29T00:28:27+02:00,,,,,resolved
ZW-QC-2026-693,heritage_knowledge,ZW-TK-2026-003,no_direct_identifiers,validity,privacy,pass,info,No direct identifier patterns detected in free-text fields.,automated,2026-07-29T00:28:27+02:00,,,,,resolved
ZW-QC-2026-694,heritage_knowledge,ZW-TK-2026-004,no_direct_identifiers,validity,privacy,pass,info,No direct identifier patterns detected in free-text fields.,automated,2026-07-29T00:28:27+02:00,,,,,resolved
ZW-QC-2026-695,heritage_knowledge,ZW-TK-2026-005,no_direct_identifiers,validity,privacy,pass,info,No direct identifier patterns detected in free-text fields.,automated,2026-07-29T00:28:27+02:00,,,,,resolved
ZW-QC-2026-696,heritage_knowledge,ZW-TK-2026-006,no_direct_identifiers,validity,privacy,pass,info,No direct identifier patterns detected in free-text fields.,automated,2026-07-29T00:28:27+02:00,,,,,resolved
ZW-QC-2026-697,heritage_knowledge,ZW-TK-2026-007,no_direct_identifiers,validity,privacy,pass,info,No direct identifier patterns detected in free-text fields.,automated,2026-07-29T00:28:27+02:00,,,,,resolved
ZW-QC-2026-698,heritage_knowledge,ZW-TK-2026-008,no_direct_identifiers,validity,privacy,pass,info,No direct identifier patterns detected in free-text fields.,automated,2026-07-29T00:28:27+02:00,,,,,resolved
ZW-QC-2026-699,heritage_knowledge,ZW-TK-2026-009,no_direct_identifiers,validity,privacy,pass,info,No direct identifier patterns detected in free-text fields.,automated,2026-07-29T00:28:27+02:00,,,,,resolved
ZW-QC-2026-700,heritage_knowledge,ZW-TK-2026-010,no_direct_identifiers,validity,privacy,pass,info,No direct identifier patterns detected in free-text fields.,automated,2026-07-29T00:28:27+02:00,,,,,resolved
ZW-QC-2026-701,heritage_knowledge,ZW-TK-2026-011,no_direct_identifiers,validity,privacy,pass,info,No direct identifier patterns detected in free-text fields.,automated,2026-07-29T00:28:27+02:00,,,,,resolved
ZW-QC-2026-702,heritage_knowledge,ZW-TK-2026-012,no_direct_identifiers,validity,privacy,pass,info,No direct identifier patterns detected in free-text fields.,automated,2026-07-29T00:28:27+02:00,,,,,resolved
ZW-QC-2026-703,heritage_knowledge,ZW-TK-2026-013,no_direct_identifiers,validity,privacy,pass,info,No direct identifier patterns detected in free-text fields.,automated,2026-07-29T00:28:27+02:00,,,,,resolved
ZW-QC-2026-704,heritage_knowledge,ZW-TK-2026-014,no_direct_identifiers,validity,privacy,pass,info,No direct identifier patterns detected in free-text fields.,automated,2026-07-29T00:28:27+02:00,,,,,resolved
ZW-QC-2026-705,heritage_knowledge,ZW-TK-2026-015,no_direct_identifiers,validity,privacy,pass,info,No direct identifier patterns detected in free-text fields.,automated,2026-07-29T00:28:27+02:00,,,,,resolved
ZW-QC-2026-706,heritage_knowledge,ZW-TK-2026-016,no_direct_identifiers,validity,privacy,pass,info,No direct identifier patterns detected in free-text fields.,automated,2026-07-29T00:28:27+02:00,,,,,resolved
ZW-QC-2026-707,heritage_knowledge,ZW-TK-2026-017,no_direct_identifiers,validity,privacy,pass,info,No direct identifier patterns detected in free-text fields.,automated,2026-07-29T00:28:27+02:00,,,,,resolved
ZW-QC-2026-708,heritage_knowledge,ZW-TK-2026-018,no_direct_identifiers,validity,privacy,pass,info,No direct identifier patterns detected in free-text fields.,automated,2026-07-29T00:28:27+02:00,,,,,resolved
ZW-QC-2026-709,heritage_knowledge,ZW-TK-2026-019,no_direct_identifiers,validity,privacy,pass,info,No direct identifier patterns detected in free-text fields.,automated,2026-07-29T00:28:27+02:00,,,,,resolved
ZW-QC-2026-710,heritage_knowledge,ZW-TK-2026-020,no_direct_identifiers,validity,privacy,pass,info,No direct identifier patterns detected in free-text fields.,automated,2026-07-29T00:28:27+02:00,,,,,resolved
ZW-QC-2026-711,heritage_knowledge,ZW-TK-2026-021,no_direct_identifiers,validity,privacy,pass,info,No direct identifier patterns detected in free-text fields.,automated,2026-07-29T00:28:27+02:00,,,,,resolved
ZW-QC-2026-712,heritage_knowledge,ZW-TK-2026-022,no_direct_identifiers,validity,privacy,pass,info,No direct identifier patterns detected in free-text fields.,automated,2026-07-29T00:28:27+02:00,,,,,resolved
ZW-QC-2026-713,heritage_knowledge,ZW-TK-2026-023,no_direct_identifiers,validity,privacy,pass,info,No direct identifier patterns detected in free-text fields.,automated,2026-07-29T00:28:27+02:00,,,,,resolved
ZW-QC-2026-714,heritage_knowledge,ZW-TK-2026-024,no_direct_identifiers,validity,privacy,pass,info,No direct identifier patterns detected in free-text fields.,automated,2026-07-29T00:28:27+02:00,,,,,resolved
ZW-QC-2026-715,heritage_knowledge,ZW-TK-2026-025,no_direct_identifiers,validity,privacy,pass,info,No direct identifier patterns detected in free-text fields.,automated,2026-07-29T00:28:27+02:00,,,,,resolved
ZW-QC-2026-716,heritage_knowledge,ZW-TK-2026-026,no_direct_identifiers,validity,privacy,pass,info,No direct identifier patterns detected in free-text fields.,automated,2026-07-29T00:28:27+02:00,,,,,resolved
ZW-QC-2026-717,heritage_knowledge,ZW-TK-2026-027,no_direct_identifiers,validity,privacy,pass,info,No direct identifier patterns detected in free-text fields.,automated,2026-07-29T00:28:27+02:00,,,,,resolved
ZW-QC-2026-718,heritage_knowledge,ZW-TK-2026-028,no_direct_identifiers,validity,privacy,pass,info,No direct identifier patterns detected in free-text fields.,automated,2026-07-29T00:28:27+02:00,,,,,resolved
ZW-QC-2026-719,heritage_knowledge,ZW-TK-2026-029,no_direct_identifiers,validity,privacy,pass,info,No direct identifier patterns detected in free-text fields.,automated,2026-07-29T00:28:27+02:00,,,,,resolved
ZW-QC-2026-720,heritage_knowledge,ZW-TK-2026-030,no_direct_identifiers,validity,privacy,pass,info,No direct identifier patterns detected in free-text fields.,automated,2026-07-29T00:28:27+02:00,,,,,resolved
ZW-QC-2026-721,heritage_knowledge,ZW-TK-2026-031,no_direct_identifiers,validity,privacy,pass,info,No direct identifier patterns detected in free-text fields.,automated,2026-07-29T00:28:27+02:00,,,,,resolved
ZW-QC-2026-722,heritage_knowledge,ZW-TK-2026-032,no_direct_identifiers,validity,privacy,pass,info,No direct identifier patterns detected in free-text fields.,automated,2026-07-29T00:28:27+02:00,,,,,resolved
ZW-QC-2026-723,heritage_knowledge,ZW-TK-2026-033,no_direct_identifiers,validity,privacy,pass,info,No direct identifier patterns detected in free-text fields.,automated,2026-07-29T00:28:27+02:00,,,,,resolved
ZW-QC-2026-724,heritage_knowledge,ZW-TK-2026-034,no_direct_identifiers,validity,privacy,pass,info,No direct identifier patterns detected in free-text fields.,automated,2026-07-29T00:28:27+02:00,,,,,resolved
ZW-QC-2026-725,heritage_knowledge,ZW-TK-2026-035,no_direct_identifiers,validity,privacy,pass,info,No direct identifier patterns detected in free-text fields.,automated,2026-07-29T00:28:27+02:00,,,,,resolved
ZW-QC-2026-726,heritage_knowledge,ZW-TK-2026-036,no_direct_identifiers,validity,privacy,pass,info,No direct identifier patterns detected in free-text fields.,automated,2026-07-29T00:28:27+02:00,,,,,resolved
ZW-QC-2026-727,heritage_knowledge,ZW-TK-2026-037,no_direct_identifiers,validity,privacy,pass,info,No direct identifier patterns detected in free-text fields.,automated,2026-07-29T00:28:27+02:00,,,,,resolved
ZW-QC-2026-728,heritage_knowledge,ZW-TK-2026-038,no_direct_identifiers,validity,privacy,pass,info,No direct identifier patterns detected in free-text fields.,automated,2026-07-29T00:28:27+02:00,,,,,resolved
ZW-QC-2026-729,heritage_knowledge,ZW-TK-2026-039,no_direct_identifiers,validity,privacy,pass,info,No direct identifier patterns detected in free-text fields.,automated,2026-07-29T00:28:27+02:00,,,,,resolved
ZW-QC-2026-730,heritage_knowledge,ZW-TK-2026-040,no_direct_identifiers,validity,privacy,pass,info,No direct identifier patterns detected in free-text fields.,automated,2026-07-29T00:28:27+02:00,,,,,resolved
ZW-QC-2026-731,heritage_knowledge,ZW-TK-2026-041,no_direct_identifiers,validity,privacy,pass,info,No direct identifier patterns detected in free-text fields.,automated,2026-07-29T00:28:27+02:00,,,,,resolved
ZW-QC-2026-732,heritage_knowledge,ZW-TK-2026-042,no_direct_identifiers,validity,privacy,pass,info,No direct identifier patterns detected in free-text fields.,automated,2026-07-29T00:28:27+02:00,,,,,resolved
ZW-QC-2026-733,heritage_knowledge,ZW-TK-2026-043,no_direct_identifiers,validity,privacy,pass,info,No direct identifier patterns detected in free-text fields.,automated,2026-07-29T00:28:27+02:00,,,,,resolved
ZW-QC-2026-734,heritage_knowledge,ZW-TK-2026-044,no_direct_identifiers,validity,privacy,pass,info,No direct identifier patterns detected in free-text fields.,automated,2026-07-29T00:28:27+02:00,,,,,resolved
ZW-QC-2026-735,heritage_knowledge,ZW-TK-2026-045,no_direct_identifiers,validity,privacy,pass,info,No direct identifier patterns detected in free-text fields.,automated,2026-07-29T00:28:27+02:00,,,,,resolved
ZW-QC-2026-736,heritage_knowledge,ZW-TK-2026-046,no_direct_identifiers,validity,privacy,pass,info,No direct identifier patterns detected in free-text fields.,automated,2026-07-29T00:28:27+02:00,,,,,resolved
ZW-QC-2026-737,heritage_knowledge,ZW-TK-2026-047,no_direct_identifiers,validity,privacy,pass,info,No direct identifier patterns detected in free-text fields.,automated,2026-07-29T00:28:27+02:00,,,,,resolved
ZW-QC-2026-738,heritage_knowledge,ZW-TK-2026-048,no_direct_identifiers,validity,privacy,pass,info,No direct identifier patterns detected in free-text fields.,automated,2026-07-29T00:28:27+02:00,,,,,resolved
ZW-QC-2026-739,heritage_knowledge,ZW-TK-2026-049,no_direct_identifiers,validity,privacy,pass,info,No direct identifier patterns detected in free-text fields.,automated,2026-07-29T00:28:27+02:00,,,,,resolved
ZW-QC-2026-740,heritage_knowledge,ZW-TK-2026-050,no_direct_identifiers,validity,privacy,pass,info,No direct identifier patterns detected in free-text fields.,automated,2026-07-29T00:28:27+02:00,,,,,resolved
ZW-QC-2026-741,heritage_knowledge,ZW-TK-2026-051,no_direct_identifiers,validity,privacy,pass,info,No direct identifier patterns detected in free-text fields.,automated,2026-07-29T00:28:27+02:00,,,,,resolved
ZW-QC-2026-742,heritage_knowledge,ZW-TK-2026-052,no_direct_identifiers,validity,privacy,pass,info,No direct identifier patterns detected in free-text fields.,automated,2026-07-29T00:28:27+02:00,,,,,resolved
ZW-QC-2026-743,metabolomic_profiles,ZW-MET-2026-025,annotation_confidence_honesty,accuracy,novelty,warning,low,MSI level 4: 'Unknown sesquiterpenoid dimer' is a putative annotation and must not be reported as an identification.,automated,2026-07-29T00:28:27+02:00,Pharmaceutical Chemist,Retain the caveat in any downstream use or publication.,,,open
ZW-QC-2026-744,metabolomic_profiles,ZW-MET-2026-026,annotation_confidence_honesty,accuracy,novelty,warning,low,MSI level 4: 'Unknown polyketide' is a putative annotation and must not be reported as an identification.,automated,2026-07-29T00:28:27+02:00,Pharmaceutical Chemist,Retain the caveat in any downstream use or publication.,,,open
ZW-QC-2026-745,metabolomic_profiles,ZW-MET-2026-027,annotation_confidence_honesty,accuracy,novelty,warning,low,MSI level 3: 'Triterpenoid saponin (putative)' is a putative annotation and must not be reported as an identification.,automated,2026-07-29T00:28:27+02:00,Pharmaceutical Chemist,Retain the caveat in any downstream use or publication.,,,open
ZW-QC-2026-746,metabolomic_profiles,ZW-MET-2026-028,annotation_confidence_honesty,accuracy,novelty,warning,low,MSI level 3: 'Anthraquinone glycoside (putative)' is a putative annotation and must not be reported as an identification.,automated,2026-07-29T00:28:27+02:00,Pharmaceutical Chemist,Retain the caveat in any downstream use or publication.,,,open
ZW-QC-2026-747,metabolomic_profiles,ZW-MET-2026-029,annotation_confidence_honesty,accuracy,novelty,warning,low,MSI level 3: 'Sesquiterpene lactone (putative)' is a putative annotation and must not be reported as an identification.,automated,2026-07-29T00:28:27+02:00,Pharmaceutical Chemist,Retain the caveat in any downstream use or publication.,,,open
ZW-QC-2026-748,metabolomic_profiles,ZW-MET-2026-030,annotation_confidence_honesty,accuracy,novelty,warning,low,MSI level 4: 'Unannotated feature' is a putative annotation and must not be reported as an identification.,automated,2026-07-29T00:28:27+02:00,Pharmaceutical Chemist,Retain the caveat in any downstream use or publication.,,,open
ZW-QC-2026-749,metabolomic_profiles,ZW-MET-2026-055,annotation_confidence_honesty,accuracy,novelty,warning,low,MSI level 4: 'Unknown sesquiterpenoid dimer' is a putative annotation and must not be reported as an identification.,automated,2026-07-29T00:28:27+02:00,Pharmaceutical Chemist,Retain the caveat in any downstream use or publication.,,,open
ZW-QC-2026-750,metabolomic_profiles,ZW-MET-2026-056,annotation_confidence_honesty,accuracy,novelty,warning,low,MSI level 4: 'Unknown polyketide' is a putative annotation and must not be reported as an identification.,automated,2026-07-29T00:28:27+02:00,Pharmaceutical Chemist,Retain the caveat in any downstream use or publication.,,,open
ZW-QC-2026-751,metabolomic_profiles,ZW-MET-2026-057,annotation_confidence_honesty,accuracy,novelty,warning,low,MSI level 3: 'Triterpenoid saponin (putative)' is a putative annotation and must not be reported as an identification.,automated,2026-07-29T00:28:27+02:00,Pharmaceutical Chemist,Retain the caveat in any downstream use or publication.,,,open
ZW-QC-2026-752,metabolomic_profiles,ZW-MET-2026-058,annotation_confidence_honesty,accuracy,novelty,warning,low,MSI level 3: 'Anthraquinone glycoside (putative)' is a putative annotation and must not be reported as an identification.,automated,2026-07-29T00:28:27+02:00,Pharmaceutical Chemist,Retain the caveat in any downstream use or publication.,,,open
ZW-QC-2026-753,metabolomic_profiles,ZW-MET-2026-059,annotation_confidence_honesty,accuracy,novelty,warning,low,MSI level 3: 'Sesquiterpene lactone (putative)' is a putative annotation and must not be reported as an identification.,automated,2026-07-29T00:28:27+02:00,Pharmaceutical Chemist,Retain the caveat in any downstream use or publication.,,,open
ZW-QC-2026-754,metabolomic_profiles,ZW-MET-2026-060,annotation_confidence_honesty,accuracy,novelty,warning,low,MSI level 4: 'Unannotated feature' is a putative annotation and must not be reported as an identification.,automated,2026-07-29T00:28:27+02:00,Pharmaceutical Chemist,Retain the caveat in any downstream use or publication.,,,open
ZW-QC-2026-755,metabolomic_profiles,ZW-MET-2026-085,annotation_confidence_honesty,accuracy,novelty,warning,low,MSI level 4: 'Unknown sesquiterpenoid dimer' is a putative annotation and must not be reported as an identification.,automated,2026-07-29T00:28:27+02:00,Pharmaceutical Chemist,Retain the caveat in any downstream use or publication.,,,open
ZW-QC-2026-756,metabolomic_profiles,ZW-MET-2026-086,annotation_confidence_honesty,accuracy,novelty,warning,low,MSI level 4: 'Unknown polyketide' is a putative annotation and must not be reported as an identification.,automated,2026-07-29T00:28:27+02:00,Pharmaceutical Chemist,Retain the caveat in any downstream use or publication.,,,open
ZW-QC-2026-757,metabolomic_profiles,ZW-MET-2026-087,annotation_confidence_honesty,accuracy,novelty,warning,low,MSI level 3: 'Triterpenoid saponin (putative)' is a putative annotation and must not be reported as an identification.,automated,2026-07-29T00:28:27+02:00,Pharmaceutical Chemist,Retain the caveat in any downstream use or publication.,,,open
ZW-QC-2026-758,metabolomic_profiles,ZW-MET-2026-088,annotation_confidence_honesty,accuracy,novelty,warning,low,MSI level 3: 'Anthraquinone glycoside (putative)' is a putative annotation and must not be reported as an identification.,automated,2026-07-29T00:28:27+02:00,Pharmaceutical Chemist,Retain the caveat in any downstream use or publication.,,,open
ZW-QC-2026-759,metabolomic_profiles,ZW-MET-2026-089,annotation_confidence_honesty,accuracy,novelty,warning,low,MSI level 3: 'Sesquiterpene lactone (putative)' is a putative annotation and must not be reported as an identification.,automated,2026-07-29T00:28:27+02:00,Pharmaceutical Chemist,Retain the caveat in any downstream use or publication.,,,open
ZW-QC-2026-760,metabolomic_profiles,ZW-MET-2026-090,annotation_confidence_honesty,accuracy,novelty,warning,low,MSI level 4: 'Unannotated feature' is a putative annotation and must not be reported as an identification.,automated,2026-07-29T00:28:27+02:00,Pharmaceutical Chemist,Retain the caveat in any downstream use or publication.,,,open
ZW-QC-2026-761,environmental_samples,ZW-SMP-2026-001,collection_window,timeliness,range,pass,info,Collection date 2026-09-02 is inside the planned window for ZW-SRC-001 and ahead of today. Expected in specification mode; this becomes a hard failure in production mode.,automated,2026-07-29T00:28:27+02:00,,,,,resolved
ZW-QC-2026-762,environmental_samples,ZW-SMP-2026-002,collection_window,timeliness,range,pass,info,Collection date 2026-09-03 is inside the planned window for ZW-SRC-001 and ahead of today. Expected in specification mode; this becomes a hard failure in production mode.,automated,2026-07-29T00:28:27+02:00,,,,,resolved
ZW-QC-2026-763,environmental_samples,ZW-SMP-2026-003,collection_window,timeliness,range,pass,info,Collection date 2026-09-04 is inside the planned window for ZW-SRC-001 and ahead of today. Expected in specification mode; this becomes a hard failure in production mode.,automated,2026-07-29T00:28:27+02:00,,,,,resolved
ZW-QC-2026-764,environmental_samples,ZW-SMP-2026-004,collection_window,timeliness,range,pass,info,Collection date 2026-09-05 is inside the planned window for ZW-SRC-001 and ahead of today. Expected in specification mode; this becomes a hard failure in production mode.,automated,2026-07-29T00:28:27+02:00,,,,,resolved
ZW-QC-2026-765,environmental_samples,ZW-SMP-2026-005,collection_window,timeliness,range,pass,info,Collection date 2026-09-06 is inside the planned window for ZW-SRC-001 and ahead of today. Expected in specification mode; this becomes a hard failure in production mode.,automated,2026-07-29T00:28:27+02:00,,,,,resolved
ZW-QC-2026-766,environmental_samples,ZW-SMP-2026-006,collection_window,timeliness,range,pass,info,Collection date 2026-09-07 is inside the planned window for ZW-SRC-001 and ahead of today. Expected in specification mode; this becomes a hard failure in production mode.,automated,2026-07-29T00:28:27+02:00,,,,,resolved
ZW-QC-2026-767,environmental_samples,ZW-SMP-2026-007,collection_window,timeliness,range,pass,info,Collection date 2026-09-08 is inside the planned window for ZW-SRC-001 and ahead of today. Expected in specification mode; this becomes a hard failure in production mode.,automated,2026-07-29T00:28:27+02:00,,,,,resolved
ZW-QC-2026-768,environmental_samples,ZW-SMP-2026-008,collection_window,timeliness,range,pass,info,Collection date 2026-09-09 is inside the planned window for ZW-SRC-001 and ahead of today. Expected in specification mode; this becomes a hard failure in production mode.,automated,2026-07-29T00:28:27+02:00,,,,,resolved
ZW-QC-2026-769,environmental_samples,ZW-SMP-2026-009,collection_window,timeliness,range,pass,info,Collection date 2026-09-10 is inside the planned window for ZW-SRC-001 and ahead of today. Expected in specification mode; this becomes a hard failure in production mode.,automated,2026-07-29T00:28:27+02:00,,,,,resolved
ZW-QC-2026-770,environmental_samples,ZW-SMP-2026-010,collection_window,timeliness,range,pass,info,Collection date 2026-09-11 is inside the planned window for ZW-SRC-001 and ahead of today. Expected in specification mode; this becomes a hard failure in production mode.,automated,2026-07-29T00:28:27+02:00,,,,,resolved
ZW-QC-2026-771,environmental_samples,ZW-SMP-2026-011,collection_window,timeliness,range,pass,info,Collection date 2026-09-12 is inside the planned window for ZW-SRC-001 and ahead of today. Expected in specification mode; this becomes a hard failure in production mode.,automated,2026-07-29T00:28:27+02:00,,,,,resolved
ZW-QC-2026-772,environmental_samples,ZW-SMP-2026-012,collection_window,timeliness,range,pass,info,Collection date 2026-09-13 is inside the planned window for ZW-SRC-001 and ahead of today. Expected in specification mode; this becomes a hard failure in production mode.,automated,2026-07-29T00:28:27+02:00,,,,,resolved
ZW-QC-2026-773,environmental_samples,ZW-SMP-2026-013,collection_window,timeliness,range,pass,info,Collection date 2026-09-14 is inside the planned window for ZW-SRC-001 and ahead of today. Expected in specification mode; this becomes a hard failure in production mode.,automated,2026-07-29T00:28:27+02:00,,,,,resolved
ZW-QC-2026-774,environmental_samples,ZW-SMP-2026-014,collection_window,timeliness,range,pass,info,Collection date 2026-09-15 is inside the planned window for ZW-SRC-001 and ahead of today. Expected in specification mode; this becomes a hard failure in production mode.,automated,2026-07-29T00:28:27+02:00,,,,,resolved
ZW-QC-2026-775,environmental_samples,ZW-SMP-2026-015,collection_window,timeliness,range,pass,info,Collection date 2026-09-16 is inside the planned window for ZW-SRC-001 and ahead of today. Expected in specification mode; this becomes a hard failure in production mode.,automated,2026-07-29T00:28:27+02:00,,,,,resolved
ZW-QC-2026-776,environmental_samples,ZW-SMP-2026-016,collection_window,timeliness,range,pass,info,Collection date 2026-09-17 is inside the planned window for ZW-SRC-001 and ahead of today. Expected in specification mode; this becomes a hard failure in production mode.,automated,2026-07-29T00:28:27+02:00,,,,,resolved
ZW-QC-2026-777,environmental_samples,ZW-SMP-2026-017,collection_window,timeliness,range,pass,info,Collection date 2026-09-18 is inside the planned window for ZW-SRC-001 and ahead of today. Expected in specification mode; this becomes a hard failure in production mode.,automated,2026-07-29T00:28:27+02:00,,,,,resolved
ZW-QC-2026-778,environmental_samples,ZW-SMP-2026-018,collection_window,timeliness,range,pass,info,Collection date 2026-09-19 is inside the planned window for ZW-SRC-001 and ahead of today. Expected in specification mode; this becomes a hard failure in production mode.,automated,2026-07-29T00:28:27+02:00,,,,,resolved
ZW-QC-2026-779,environmental_samples,ZW-SMP-2026-019,collection_window,timeliness,range,pass,info,Collection date 2026-09-20 is inside the planned window for ZW-SRC-001 and ahead of today. Expected in specification mode; this becomes a hard failure in production mode.,automated,2026-07-29T00:28:27+02:00,,,,,resolved
ZW-QC-2026-780,environmental_samples,ZW-SMP-2026-020,collection_window,timeliness,range,pass,info,Collection date 2026-09-21 is inside the planned window for ZW-SRC-001 and ahead of today. Expected in specification mode; this becomes a hard failure in production mode.,automated,2026-07-29T00:28:27+02:00,,,,,resolved
ZW-QC-2026-781,environmental_samples,ZW-SMP-2026-021,collection_window,timeliness,range,pass,info,Collection date 2026-09-22 is inside the planned window for ZW-SRC-001 and ahead of today. Expected in specification mode; this becomes a hard failure in production mode.,automated,2026-07-29T00:28:27+02:00,,,,,resolved
ZW-QC-2026-782,environmental_samples,ZW-SMP-2026-022,collection_window,timeliness,range,pass,info,Collection date 2026-09-23 is inside the planned window for ZW-SRC-001 and ahead of today. Expected in specification mode; this becomes a hard failure in production mode.,automated,2026-07-29T00:28:27+02:00,,,,,resolved
ZW-QC-2026-783,environmental_samples,ZW-SMP-2026-023,collection_window,timeliness,range,pass,info,Collection date 2026-09-24 is inside the planned window for ZW-SRC-001 and ahead of today. Expected in specification mode; this becomes a hard failure in production mode.,automated,2026-07-29T00:28:27+02:00,,,,,resolved
ZW-QC-2026-784,environmental_samples,ZW-SMP-2026-024,collection_window,timeliness,range,pass,info,Collection date 2026-09-25 is inside the planned window for ZW-SRC-001 and ahead of today. Expected in specification mode; this becomes a hard failure in production mode.,automated,2026-07-29T00:28:27+02:00,,,,,resolved
ZW-QC-2026-785,environmental_samples,ZW-SMP-2026-025,collection_window,timeliness,range,pass,info,Collection date 2026-09-01 is inside the planned window for ZW-SRC-001 and ahead of today. Expected in specification mode; this becomes a hard failure in production mode.,automated,2026-07-29T00:28:27+02:00,,,,,resolved
ZW-QC-2026-786,environmental_samples,ZW-SMP-2026-026,collection_window,timeliness,range,pass,info,Collection date 2026-09-02 is inside the planned window for ZW-SRC-001 and ahead of today. Expected in specification mode; this becomes a hard failure in production mode.,automated,2026-07-29T00:28:27+02:00,,,,,resolved
ZW-QC-2026-787,environmental_samples,ZW-SMP-2026-027,collection_window,timeliness,range,pass,info,Collection date 2026-09-03 is inside the planned window for ZW-SRC-001 and ahead of today. Expected in specification mode; this becomes a hard failure in production mode.,automated,2026-07-29T00:28:27+02:00,,,,,resolved
ZW-QC-2026-788,environmental_samples,ZW-SMP-2026-028,collection_window,timeliness,range,pass,info,Collection date 2026-09-04 is inside the planned window for ZW-SRC-001 and ahead of today. Expected in specification mode; this becomes a hard failure in production mode.,automated,2026-07-29T00:28:27+02:00,,,,,resolved
ZW-QC-2026-789,environmental_samples,ZW-SMP-2026-029,collection_window,timeliness,range,pass,info,Collection date 2026-09-05 is inside the planned window for ZW-SRC-001 and ahead of today. Expected in specification mode; this becomes a hard failure in production mode.,automated,2026-07-29T00:28:27+02:00,,,,,resolved
ZW-QC-2026-790,environmental_samples,ZW-SMP-2026-030,collection_window,timeliness,range,pass,info,Collection date 2026-09-06 is inside the planned window for ZW-SRC-001 and ahead of today. Expected in specification mode; this becomes a hard failure in production mode.,automated,2026-07-29T00:28:27+02:00,,,,,resolved
ZW-QC-2026-791,environmental_samples,ZW-SMP-2026-031,collection_window,timeliness,range,pass,info,Collection date 2026-09-07 is inside the planned window for ZW-SRC-001 and ahead of today. Expected in specification mode; this becomes a hard failure in production mode.,automated,2026-07-29T00:28:27+02:00,,,,,resolved
ZW-QC-2026-792,environmental_samples,ZW-SMP-2026-032,collection_window,timeliness,range,pass,info,Collection date 2026-09-08 is inside the planned window for ZW-SRC-001 and ahead of today. Expected in specification mode; this becomes a hard failure in production mode.,automated,2026-07-29T00:28:27+02:00,,,,,resolved
ZW-QC-2026-793,environmental_samples,ZW-SMP-2026-033,collection_window,timeliness,range,pass,info,Collection date 2026-09-09 is inside the planned window for ZW-SRC-001 and ahead of today. Expected in specification mode; this becomes a hard failure in production mode.,automated,2026-07-29T00:28:27+02:00,,,,,resolved
ZW-QC-2026-794,environmental_samples,ZW-SMP-2026-034,collection_window,timeliness,range,pass,info,Collection date 2026-09-10 is inside the planned window for ZW-SRC-001 and ahead of today. Expected in specification mode; this becomes a hard failure in production mode.,automated,2026-07-29T00:28:27+02:00,,,,,resolved
ZW-QC-2026-795,environmental_samples,ZW-SMP-2026-035,collection_window,timeliness,range,pass,info,Collection date 2026-09-11 is inside the planned window for ZW-SRC-001 and ahead of today. Expected in specification mode; this becomes a hard failure in production mode.,automated,2026-07-29T00:28:27+02:00,,,,,resolved
ZW-QC-2026-796,environmental_samples,ZW-SMP-2026-036,collection_window,timeliness,range,pass,info,Collection date 2026-09-12 is inside the planned window for ZW-SRC-001 and ahead of today. Expected in specification mode; this becomes a hard failure in production mode.,automated,2026-07-29T00:28:27+02:00,,,,,resolved
ZW-QC-2026-797,environmental_samples,ZW-SMP-2026-037,collection_window,timeliness,range,pass,info,Collection date 2026-09-13 is inside the planned window for ZW-SRC-001 and ahead of today. Expected in specification mode; this becomes a hard failure in production mode.,automated,2026-07-29T00:28:27+02:00,,,,,resolved
ZW-QC-2026-798,environmental_samples,ZW-SMP-2026-038,collection_window,timeliness,range,pass,info,Collection date 2026-09-14 is inside the planned window for ZW-SRC-001 and ahead of today. Expected in specification mode; this becomes a hard failure in production mode.,automated,2026-07-29T00:28:27+02:00,,,,,resolved
ZW-QC-2026-799,environmental_samples,ZW-SMP-2026-039,collection_window,timeliness,range,pass,info,Collection date 2026-09-15 is inside the planned window for ZW-SRC-001 and ahead of today. Expected in specification mode; this becomes a hard failure in production mode.,automated,2026-07-29T00:28:27+02:00,,,,,resolved
ZW-QC-2026-800,environmental_samples,ZW-SMP-2026-040,collection_window,timeliness,range,pass,info,Collection date 2026-09-16 is inside the planned window for ZW-SRC-001 and ahead of today. Expected in specification mode; this becomes a hard failure in production mode.,automated,2026-07-29T00:28:27+02:00,,,,,resolved
ZW-QC-2026-801,environmental_samples,ZW-SMP-2026-041,collection_window,timeliness,range,pass,info,Collection date 2026-09-17 is inside the planned window for ZW-SRC-001 and ahead of today. Expected in specification mode; this becomes a hard failure in production mode.,automated,2026-07-29T00:28:27+02:00,,,,,resolved
ZW-QC-2026-802,environmental_samples,ZW-SMP-2026-042,collection_window,timeliness,range,pass,info,Collection date 2026-09-18 is inside the planned window for ZW-SRC-001 and ahead of today. Expected in specification mode; this becomes a hard failure in production mode.,automated,2026-07-29T00:28:27+02:00,,,,,resolved
ZW-QC-2026-803,environmental_samples,ZW-SMP-2026-043,collection_window,timeliness,range,pass,info,Collection date 2026-09-19 is inside the planned window for ZW-SRC-001 and ahead of today. Expected in specification mode; this becomes a hard failure in production mode.,automated,2026-07-29T00:28:27+02:00,,,,,resolved
ZW-QC-2026-804,environmental_samples,ZW-SMP-2026-044,collection_window,timeliness,range,pass,info,Collection date 2026-09-20 is inside the planned window for ZW-SRC-001 and ahead of today. Expected in specification mode; this becomes a hard failure in production mode.,automated,2026-07-29T00:28:27+02:00,,,,,resolved
ZW-QC-2026-805,environmental_samples,ZW-SMP-2026-045,collection_window,timeliness,range,pass,info,Collection date 2026-09-21 is inside the planned window for ZW-SRC-001 and ahead of today. Expected in specification mode; this becomes a hard failure in production mode.,automated,2026-07-29T00:28:27+02:00,,,,,resolved
ZW-QC-2026-806,environmental_samples,ZW-SMP-2026-046,collection_window,timeliness,range,pass,info,Collection date 2026-10-22 is inside the planned window for ZW-SRC-002 and ahead of today. Expected in specification mode; this becomes a hard failure in production mode.,automated,2026-07-29T00:28:27+02:00,,,,,resolved
ZW-QC-2026-807,environmental_samples,ZW-SMP-2026-047,collection_window,timeliness,range,pass,info,Collection date 2026-10-23 is inside the planned window for ZW-SRC-002 and ahead of today. Expected in specification mode; this becomes a hard failure in production mode.,automated,2026-07-29T00:28:27+02:00,,,,,resolved
ZW-QC-2026-808,environmental_samples,ZW-SMP-2026-048,collection_window,timeliness,range,pass,info,Collection date 2026-10-24 is inside the planned window for ZW-SRC-002 and ahead of today. Expected in specification mode; this becomes a hard failure in production mode.,automated,2026-07-29T00:28:27+02:00,,,,,resolved
ZW-QC-2026-809,environmental_samples,ZW-SMP-2026-049,collection_window,timeliness,range,pass,info,Collection date 2026-10-25 is inside the planned window for ZW-SRC-002 and ahead of today. Expected in specification mode; this becomes a hard failure in production mode.,automated,2026-07-29T00:28:27+02:00,,,,,resolved
ZW-QC-2026-810,environmental_samples,ZW-SMP-2026-050,collection_window,timeliness,range,pass,info,Collection date 2026-10-01 is inside the planned window for ZW-SRC-002 and ahead of today. Expected in specification mode; this becomes a hard failure in production mode.,automated,2026-07-29T00:28:27+02:00,,,,,resolved
ZW-QC-2026-811,environmental_samples,ZW-SMP-2026-051,collection_window,timeliness,range,pass,info,Collection date 2026-10-02 is inside the planned window for ZW-SRC-002 and ahead of today. Expected in specification mode; this becomes a hard failure in production mode.,automated,2026-07-29T00:28:27+02:00,,,,,resolved
ZW-QC-2026-812,environmental_samples,ZW-SMP-2026-052,collection_window,timeliness,range,pass,info,Collection date 2026-10-03 is inside the planned window for ZW-SRC-002 and ahead of today. Expected in specification mode; this becomes a hard failure in production mode.,automated,2026-07-29T00:28:27+02:00,,,,,resolved
ZW-QC-2026-813,environmental_samples,ZW-SMP-2026-053,collection_window,timeliness,range,pass,info,Collection date 2026-10-04 is inside the planned window for ZW-SRC-002 and ahead of today. Expected in specification mode; this becomes a hard failure in production mode.,automated,2026-07-29T00:28:27+02:00,,,,,resolved
ZW-QC-2026-814,environmental_samples,ZW-SMP-2026-054,collection_window,timeliness,range,pass,info,Collection date 2026-10-05 is inside the planned window for ZW-SRC-002 and ahead of today. Expected in specification mode; this becomes a hard failure in production mode.,automated,2026-07-29T00:28:27+02:00,,,,,resolved
ZW-QC-2026-815,environmental_samples,ZW-SMP-2026-055,collection_window,timeliness,range,pass,info,Collection date 2026-10-06 is inside the planned window for ZW-SRC-002 and ahead of today. Expected in specification mode; this becomes a hard failure in production mode.,automated,2026-07-29T00:28:27+02:00,,,,,resolved
ZW-QC-2026-816,environmental_samples,ZW-SMP-2026-056,collection_window,timeliness,range,pass,info,Collection date 2026-10-07 is inside the planned window for ZW-SRC-002 and ahead of today. Expected in specification mode; this becomes a hard failure in production mode.,automated,2026-07-29T00:28:27+02:00,,,,,resolved
ZW-QC-2026-817,environmental_samples,ZW-SMP-2026-057,collection_window,timeliness,range,pass,info,Collection date 2026-10-08 is inside the planned window for ZW-SRC-002 and ahead of today. Expected in specification mode; this becomes a hard failure in production mode.,automated,2026-07-29T00:28:27+02:00,,,,,resolved
ZW-QC-2026-818,environmental_samples,ZW-SMP-2026-058,collection_window,timeliness,range,pass,info,Collection date 2026-10-09 is inside the planned window for ZW-SRC-002 and ahead of today. Expected in specification mode; this becomes a hard failure in production mode.,automated,2026-07-29T00:28:27+02:00,,,,,resolved
ZW-QC-2026-819,environmental_samples,ZW-SMP-2026-059,collection_window,timeliness,range,pass,info,Collection date 2026-10-10 is inside the planned window for ZW-SRC-002 and ahead of today. Expected in specification mode; this becomes a hard failure in production mode.,automated,2026-07-29T00:28:27+02:00,,,,,resolved
ZW-QC-2026-820,environmental_samples,ZW-SMP-2026-060,collection_window,timeliness,range,pass,info,Collection date 2026-10-11 is inside the planned window for ZW-SRC-002 and ahead of today. Expected in specification mode; this becomes a hard failure in production mode.,automated,2026-07-29T00:28:27+02:00,,,,,resolved
ZW-QC-2026-821,environmental_samples,ZW-SMP-2026-061,collection_window,timeliness,range,pass,info,Collection date 2026-10-12 is inside the planned window for ZW-SRC-002 and ahead of today. Expected in specification mode; this becomes a hard failure in production mode.,automated,2026-07-29T00:28:27+02:00,,,,,resolved
ZW-QC-2026-822,environmental_samples,ZW-SMP-2026-062,collection_window,timeliness,range,pass,info,Collection date 2026-10-13 is inside the planned window for ZW-SRC-002 and ahead of today. Expected in specification mode; this becomes a hard failure in production mode.,automated,2026-07-29T00:28:27+02:00,,,,,resolved
ZW-QC-2026-823,environmental_samples,ZW-SMP-2026-063,collection_window,timeliness,range,pass,info,Collection date 2026-10-14 is inside the planned window for ZW-SRC-002 and ahead of today. Expected in specification mode; this becomes a hard failure in production mode.,automated,2026-07-29T00:28:27+02:00,,,,,resolved
ZW-QC-2026-824,environmental_samples,ZW-SMP-2026-064,collection_window,timeliness,range,pass,info,Collection date 2026-10-15 is inside the planned window for ZW-SRC-002 and ahead of today. Expected in specification mode; this becomes a hard failure in production mode.,automated,2026-07-29T00:28:27+02:00,,,,,resolved
ZW-QC-2026-825,environmental_samples,ZW-SMP-2026-065,collection_window,timeliness,range,pass,info,Collection date 2026-10-16 is inside the planned window for ZW-SRC-002 and ahead of today. Expected in specification mode; this becomes a hard failure in production mode.,automated,2026-07-29T00:28:27+02:00,,,,,resolved
ZW-QC-2026-826,environmental_samples,ZW-SMP-2026-066,collection_window,timeliness,range,pass,info,Collection date 2026-10-17 is inside the planned window for ZW-SRC-002 and ahead of today. Expected in specification mode; this becomes a hard failure in production mode.,automated,2026-07-29T00:28:27+02:00,,,,,resolved
ZW-QC-2026-827,environmental_samples,ZW-SMP-2026-067,collection_window,timeliness,range,pass,info,Collection date 2026-10-18 is inside the planned window for ZW-SRC-002 and ahead of today. Expected in specification mode; this becomes a hard failure in production mode.,automated,2026-07-29T00:28:27+02:00,,,,,resolved
ZW-QC-2026-828,environmental_samples,ZW-SMP-2026-068,collection_window,timeliness,range,pass,info,Collection date 2026-10-19 is inside the planned window for ZW-SRC-002 and ahead of today. Expected in specification mode; this becomes a hard failure in production mode.,automated,2026-07-29T00:28:27+02:00,,,,,resolved
ZW-QC-2026-829,environmental_samples,ZW-SMP-2026-069,collection_window,timeliness,range,pass,info,Collection date 2026-10-20 is inside the planned window for ZW-SRC-002 and ahead of today. Expected in specification mode; this becomes a hard failure in production mode.,automated,2026-07-29T00:28:27+02:00,,,,,resolved
ZW-QC-2026-830,environmental_samples,ZW-SMP-2026-070,collection_window,timeliness,range,pass,info,Collection date 2026-10-21 is inside the planned window for ZW-SRC-002 and ahead of today. Expected in specification mode; this becomes a hard failure in production mode.,automated,2026-07-29T00:28:27+02:00,,,,,resolved
ZW-QC-2026-831,environmental_samples,ZW-SMP-2026-071,collection_window,timeliness,range,pass,info,Collection date 2026-10-22 is inside the planned window for ZW-SRC-002 and ahead of today. Expected in specification mode; this becomes a hard failure in production mode.,automated,2026-07-29T00:28:27+02:00,,,,,resolved
ZW-QC-2026-832,environmental_samples,ZW-SMP-2026-072,collection_window,timeliness,range,pass,info,Collection date 2026-10-23 is inside the planned window for ZW-SRC-002 and ahead of today. Expected in specification mode; this becomes a hard failure in production mode.,automated,2026-07-29T00:28:27+02:00,,,,,resolved
ZW-QC-2026-833,environmental_samples,ZW-SMP-2026-073,collection_window,timeliness,range,pass,info,Collection date 2026-10-24 is inside the planned window for ZW-SRC-002 and ahead of today. Expected in specification mode; this becomes a hard failure in production mode.,automated,2026-07-29T00:28:27+02:00,,,,,resolved
ZW-QC-2026-834,environmental_samples,ZW-SMP-2026-074,collection_window,timeliness,range,pass,info,Collection date 2026-10-25 is inside the planned window for ZW-SRC-002 and ahead of today. Expected in specification mode; this becomes a hard failure in production mode.,automated,2026-07-29T00:28:27+02:00,,,,,resolved
ZW-QC-2026-835,environmental_samples,ZW-SMP-2026-075,collection_window,timeliness,range,pass,info,Collection date 2026-10-01 is inside the planned window for ZW-SRC-002 and ahead of today. Expected in specification mode; this becomes a hard failure in production mode.,automated,2026-07-29T00:28:27+02:00,,,,,resolved
ZW-QC-2026-836,environmental_samples,ZW-SMP-2026-076,collection_window,timeliness,range,pass,info,Collection date 2026-10-02 is inside the planned window for ZW-SRC-002 and ahead of today. Expected in specification mode; this becomes a hard failure in production mode.,automated,2026-07-29T00:28:27+02:00,,,,,resolved
ZW-QC-2026-837,environmental_samples,ZW-SMP-2026-077,collection_window,timeliness,range,pass,info,Collection date 2026-10-03 is inside the planned window for ZW-SRC-002 and ahead of today. Expected in specification mode; this becomes a hard failure in production mode.,automated,2026-07-29T00:28:27+02:00,,,,,resolved
ZW-QC-2026-838,environmental_samples,ZW-SMP-2026-078,collection_window,timeliness,range,pass,info,Collection date 2026-10-04 is inside the planned window for ZW-SRC-002 and ahead of today. Expected in specification mode; this becomes a hard failure in production mode.,automated,2026-07-29T00:28:27+02:00,,,,,resolved
ZW-QC-2026-839,environmental_samples,ZW-SMP-2026-079,collection_window,timeliness,range,pass,info,Collection date 2026-10-05 is inside the planned window for ZW-SRC-002 and ahead of today. Expected in specification mode; this becomes a hard failure in production mode.,automated,2026-07-29T00:28:27+02:00,,,,,resolved
ZW-QC-2026-840,environmental_samples,ZW-SMP-2026-080,collection_window,timeliness,range,pass,info,Collection date 2026-10-06 is inside the planned window for ZW-SRC-002 and ahead of today. Expected in specification mode; this becomes a hard failure in production mode.,automated,2026-07-29T00:28:27+02:00,,,,,resolved
ZW-QC-2026-841,environmental_samples,ZW-SMP-2026-081,collection_window,timeliness,range,pass,info,Collection date 2026-11-07 is inside the planned window for ZW-SRC-003 and ahead of today. Expected in specification mode; this becomes a hard failure in production mode.,automated,2026-07-29T00:28:27+02:00,,,,,resolved
ZW-QC-2026-842,environmental_samples,ZW-SMP-2026-082,collection_window,timeliness,range,pass,info,Collection date 2026-11-08 is inside the planned window for ZW-SRC-003 and ahead of today. Expected in specification mode; this becomes a hard failure in production mode.,automated,2026-07-29T00:28:27+02:00,,,,,resolved
ZW-QC-2026-843,environmental_samples,ZW-SMP-2026-083,collection_window,timeliness,range,pass,info,Collection date 2026-11-09 is inside the planned window for ZW-SRC-003 and ahead of today. Expected in specification mode; this becomes a hard failure in production mode.,automated,2026-07-29T00:28:27+02:00,,,,,resolved
ZW-QC-2026-844,environmental_samples,ZW-SMP-2026-084,collection_window,timeliness,range,pass,info,Collection date 2026-11-10 is inside the planned window for ZW-SRC-003 and ahead of today. Expected in specification mode; this becomes a hard failure in production mode.,automated,2026-07-29T00:28:27+02:00,,,,,resolved
ZW-QC-2026-845,environmental_samples,ZW-SMP-2026-085,collection_window,timeliness,range,pass,info,Collection date 2026-11-11 is inside the planned window for ZW-SRC-003 and ahead of today. Expected in specification mode; this becomes a hard failure in production mode.,automated,2026-07-29T00:28:27+02:00,,,,,resolved
ZW-QC-2026-846,environmental_samples,ZW-SMP-2026-086,collection_window,timeliness,range,pass,info,Collection date 2026-11-12 is inside the planned window for ZW-SRC-003 and ahead of today. Expected in specification mode; this becomes a hard failure in production mode.,automated,2026-07-29T00:28:27+02:00,,,,,resolved
ZW-QC-2026-847,environmental_samples,ZW-SMP-2026-087,collection_window,timeliness,range,pass,info,Collection date 2026-11-13 is inside the planned window for ZW-SRC-003 and ahead of today. Expected in specification mode; this becomes a hard failure in production mode.,automated,2026-07-29T00:28:27+02:00,,,,,resolved
ZW-QC-2026-848,environmental_samples,ZW-SMP-2026-088,collection_window,timeliness,range,pass,info,Collection date 2026-11-14 is inside the planned window for ZW-SRC-003 and ahead of today. Expected in specification mode; this becomes a hard failure in production mode.,automated,2026-07-29T00:28:27+02:00,,,,,resolved
ZW-QC-2026-849,environmental_samples,ZW-SMP-2026-089,collection_window,timeliness,range,pass,info,Collection date 2026-11-15 is inside the planned window for ZW-SRC-003 and ahead of today. Expected in specification mode; this becomes a hard failure in production mode.,automated,2026-07-29T00:28:27+02:00,,,,,resolved
ZW-QC-2026-850,environmental_samples,ZW-SMP-2026-090,collection_window,timeliness,range,pass,info,Collection date 2026-11-16 is inside the planned window for ZW-SRC-003 and ahead of today. Expected in specification mode; this becomes a hard failure in production mode.,automated,2026-07-29T00:28:27+02:00,,,,,resolved
ZW-QC-2026-851,environmental_samples,ZW-SMP-2026-091,collection_window,timeliness,range,pass,info,Collection date 2026-11-17 is inside the planned window for ZW-SRC-003 and ahead of today. Expected in specification mode; this becomes a hard failure in production mode.,automated,2026-07-29T00:28:27+02:00,,,,,resolved
ZW-QC-2026-852,environmental_samples,ZW-SMP-2026-092,collection_window,timeliness,range,pass,info,Collection date 2026-11-18 is inside the planned window for ZW-SRC-003 and ahead of today. Expected in specification mode; this becomes a hard failure in production mode.,automated,2026-07-29T00:28:27+02:00,,,,,resolved
ZW-QC-2026-853,environmental_samples,ZW-SMP-2026-093,collection_window,timeliness,range,pass,info,Collection date 2026-11-19 is inside the planned window for ZW-SRC-003 and ahead of today. Expected in specification mode; this becomes a hard failure in production mode.,automated,2026-07-29T00:28:27+02:00,,,,,resolved
ZW-QC-2026-854,environmental_samples,ZW-SMP-2026-094,collection_window,timeliness,range,pass,info,Collection date 2026-11-20 is inside the planned window for ZW-SRC-003 and ahead of today. Expected in specification mode; this becomes a hard failure in production mode.,automated,2026-07-29T00:28:27+02:00,,,,,resolved
ZW-QC-2026-855,environmental_samples,ZW-SMP-2026-095,collection_window,timeliness,range,pass,info,Collection date 2026-11-21 is inside the planned window for ZW-SRC-003 and ahead of today. Expected in specification mode; this becomes a hard failure in production mode.,automated,2026-07-29T00:28:27+02:00,,,,,resolved
ZW-QC-2026-856,environmental_samples,ZW-SMP-2026-096,collection_window,timeliness,range,pass,info,Collection date 2026-11-22 is inside the planned window for ZW-SRC-003 and ahead of today. Expected in specification mode; this becomes a hard failure in production mode.,automated,2026-07-29T00:28:27+02:00,,,,,resolved
ZW-QC-2026-857,environmental_samples,ZW-SMP-2026-097,collection_window,timeliness,range,pass,info,Collection date 2026-11-23 is inside the planned window for ZW-SRC-003 and ahead of today. Expected in specification mode; this becomes a hard failure in production mode.,automated,2026-07-29T00:28:27+02:00,,,,,resolved
ZW-QC-2026-858,environmental_samples,ZW-SMP-2026-098,collection_window,timeliness,range,pass,info,Collection date 2026-11-24 is inside the planned window for ZW-SRC-003 and ahead of today. Expected in specification mode; this becomes a hard failure in production mode.,automated,2026-07-29T00:28:27+02:00,,,,,resolved
ZW-QC-2026-859,environmental_samples,ZW-SMP-2026-099,collection_window,timeliness,range,pass,info,Collection date 2026-11-25 is inside the planned window for ZW-SRC-003 and ahead of today. Expected in specification mode; this becomes a hard failure in production mode.,automated,2026-07-29T00:28:27+02:00,,,,,resolved
ZW-QC-2026-860,environmental_samples,ZW-SMP-2026-100,collection_window,timeliness,range,pass,info,Collection date 2026-11-01 is inside the planned window for ZW-SRC-003 and ahead of today. Expected in specification mode; this becomes a hard failure in production mode.,automated,2026-07-29T00:28:27+02:00,,,,,resolved
ZW-QC-2026-861,environmental_samples,ZW-SMP-2026-101,collection_window,timeliness,range,pass,info,Collection date 2026-11-02 is inside the planned window for ZW-SRC-003 and ahead of today. Expected in specification mode; this becomes a hard failure in production mode.,automated,2026-07-29T00:28:27+02:00,,,,,resolved
ZW-QC-2026-862,environmental_samples,ZW-SMP-2026-102,collection_window,timeliness,range,pass,info,Collection date 2026-11-03 is inside the planned window for ZW-SRC-003 and ahead of today. Expected in specification mode; this becomes a hard failure in production mode.,automated,2026-07-29T00:28:27+02:00,,,,,resolved
ZW-QC-2026-863,environmental_samples,ZW-SMP-2026-103,collection_window,timeliness,range,pass,info,Collection date 2026-11-04 is inside the planned window for ZW-SRC-003 and ahead of today. Expected in specification mode; this becomes a hard failure in production mode.,automated,2026-07-29T00:28:27+02:00,,,,,resolved
ZW-QC-2026-864,environmental_samples,ZW-SMP-2026-104,collection_window,timeliness,range,pass,info,Collection date 2026-11-05 is inside the planned window for ZW-SRC-003 and ahead of today. Expected in specification mode; this becomes a hard failure in production mode.,automated,2026-07-29T00:28:27+02:00,,,,,resolved
ZW-QC-2026-865,environmental_samples,ZW-SMP-2026-105,collection_window,timeliness,range,pass,info,Collection date 2026-11-06 is inside the planned window for ZW-SRC-003 and ahead of today. Expected in specification mode; this becomes a hard failure in production mode.,automated,2026-07-29T00:28:27+02:00,,,,,resolved
ZW-QC-2026-866,environmental_samples,ZW-SMP-2026-106,collection_window,timeliness,range,pass,info,Collection date 2026-10-07 is inside the planned window for ZW-SRC-007 and ahead of today. Expected in specification mode; this becomes a hard failure in production mode.,automated,2026-07-29T00:28:27+02:00,,,,,resolved
ZW-QC-2026-867,environmental_samples,ZW-SMP-2026-107,collection_window,timeliness,range,pass,info,Collection date 2026-10-08 is inside the planned window for ZW-SRC-007 and ahead of today. Expected in specification mode; this becomes a hard failure in production mode.,automated,2026-07-29T00:28:27+02:00,,,,,resolved
ZW-QC-2026-868,environmental_samples,ZW-SMP-2026-108,collection_window,timeliness,range,pass,info,Collection date 2026-10-09 is inside the planned window for ZW-SRC-007 and ahead of today. Expected in specification mode; this becomes a hard failure in production mode.,automated,2026-07-29T00:28:27+02:00,,,,,resolved
ZW-QC-2026-869,environmental_samples,ZW-SMP-2026-109,collection_window,timeliness,range,pass,info,Collection date 2026-10-10 is inside the planned window for ZW-SRC-007 and ahead of today. Expected in specification mode; this becomes a hard failure in production mode.,automated,2026-07-29T00:28:27+02:00,,,,,resolved
ZW-QC-2026-870,environmental_samples,ZW-SMP-2026-110,collection_window,timeliness,range,pass,info,Collection date 2026-10-11 is inside the planned window for ZW-SRC-007 and ahead of today. Expected in specification mode; this becomes a hard failure in production mode.,automated,2026-07-29T00:28:27+02:00,,,,,resolved
ZW-QC-2026-871,environmental_samples,ZW-SMP-2026-111,collection_window,timeliness,range,pass,info,Collection date 2026-10-12 is inside the planned window for ZW-SRC-007 and ahead of today. Expected in specification mode; this becomes a hard failure in production mode.,automated,2026-07-29T00:28:27+02:00,,,,,resolved
ZW-QC-2026-872,environmental_samples,ZW-SMP-2026-112,collection_window,timeliness,range,pass,info,Collection date 2026-10-13 is inside the planned window for ZW-SRC-007 and ahead of today. Expected in specification mode; this becomes a hard failure in production mode.,automated,2026-07-29T00:28:27+02:00,,,,,resolved
ZW-QC-2026-873,environmental_samples,ZW-SMP-2026-113,collection_window,timeliness,range,pass,info,Collection date 2026-10-14 is inside the planned window for ZW-SRC-007 and ahead of today. Expected in specification mode; this becomes a hard failure in production mode.,automated,2026-07-29T00:28:27+02:00,,,,,resolved
ZW-QC-2026-874,environmental_samples,ZW-SMP-2026-114,collection_window,timeliness,range,pass,info,Collection date 2026-10-15 is inside the planned window for ZW-SRC-007 and ahead of today. Expected in specification mode; this becomes a hard failure in production mode.,automated,2026-07-29T00:28:27+02:00,,,,,resolved
ZW-QC-2026-875,environmental_samples,ZW-SMP-2026-115,collection_window,timeliness,range,pass,info,Collection date 2026-10-16 is inside the planned window for ZW-SRC-007 and ahead of today. Expected in specification mode; this becomes a hard failure in production mode.,automated,2026-07-29T00:28:27+02:00,,,,,resolved
ZW-QC-2026-876,environmental_samples,ZW-SMP-2026-116,collection_window,timeliness,range,pass,info,Collection date 2026-10-17 is inside the planned window for ZW-SRC-007 and ahead of today. Expected in specification mode; this becomes a hard failure in production mode.,automated,2026-07-29T00:28:27+02:00,,,,,resolved
ZW-QC-2026-877,environmental_samples,ZW-SMP-2026-117,collection_window,timeliness,range,pass,info,Collection date 2026-10-18 is inside the planned window for ZW-SRC-007 and ahead of today. Expected in specification mode; this becomes a hard failure in production mode.,automated,2026-07-29T00:28:27+02:00,,,,,resolved
ZW-QC-2026-878,environmental_samples,ZW-SMP-2026-118,collection_window,timeliness,range,pass,info,Collection date 2026-10-19 is inside the planned window for ZW-SRC-007 and ahead of today. Expected in specification mode; this becomes a hard failure in production mode.,automated,2026-07-29T00:28:27+02:00,,,,,resolved
ZW-QC-2026-879,environmental_samples,ZW-SMP-2026-119,collection_window,timeliness,range,pass,info,Collection date 2026-10-20 is inside the planned window for ZW-SRC-007 and ahead of today. Expected in specification mode; this becomes a hard failure in production mode.,automated,2026-07-29T00:28:27+02:00,,,,,resolved
ZW-QC-2026-880,environmental_samples,ZW-SMP-2026-120,collection_window,timeliness,range,pass,info,Collection date 2026-10-21 is inside the planned window for ZW-SRC-007 and ahead of today. Expected in specification mode; this becomes a hard failure in production mode.,automated,2026-07-29T00:28:27+02:00,,,,,resolved
ZW-QC-2026-881,heritage_knowledge,<batch>,language_representation,completeness,bias_coverage,pass,info,"Ndebele-language records are 39% of the active corpus (20 of 51), at or above the 30% floor.",automated,2026-07-29T00:28:27+02:00,,,,,resolved
ZW-QC-2026-882,environmental_samples,<zone:Eastern Highlands>,ecozone_coverage,completeness,bias_coverage,pass,info,Eastern Highlands: 44 of 200 quota (22%); 43% of collection to date against an expected 40%.,automated,2026-07-29T00:28:27+02:00,,,,,resolved
ZW-QC-2026-883,environmental_samples,<zone:Mazowe>,ecozone_coverage,completeness,bias_coverage,pass,info,Mazowe: 34 of 150 quota (23%); 33% of collection to date against an expected 30%.,automated,2026-07-29T00:28:27+02:00,,,,,resolved
ZW-QC-2026-884,environmental_samples,<zone:Zvishavane>,ecozone_coverage,completeness,bias_coverage,pass,info,Zvishavane: 25 of 150 quota (17%); 24% of collection to date against an expected 30%.,automated,2026-07-29T00:28:27+02:00,,,,,resolved
ZW-QC-2026-885,environmental_samples,<zone:Eastern Highlands>,seasonal_coverage,completeness,bias_coverage,pass,info,Eastern Highlands carries both dry and wet season records.,automated,2026-07-29T00:28:27+02:00,,,,,resolved
ZW-QC-2026-886,environmental_samples,<zone:Mazowe>,seasonal_coverage,completeness,bias_coverage,pass,info,Mazowe carries both dry and wet season records.,automated,2026-07-29T00:28:27+02:00,,,,,resolved
ZW-QC-2026-887,environmental_samples,<zone:Zvishavane>,seasonal_coverage,completeness,bias_coverage,pass,info,Zvishavane carries both dry and wet season records.,automated,2026-07-29T00:28:27+02:00,,,,,resolved
ZW-QC-2026-888,environmental_samples,<zone:Other>,out_of_frame_coverage,completeness,bias_coverage,pass,info,"14 of 117 active samples (12%) were collected outside the three named ecozones. They are admitted and carry a locality description (D5), and they do not count toward the 200/150/150 quota.",automated,2026-07-29T00:28:27+02:00,,,,,resolved
